{
  "Name": "Beverly",
  "MaxHitPoints": 100,
  "HorizontalSpeed": 0.0,
  "VerticalSpeed": 0.0,
  "EnvironmentalDisplacement": 0,
  "WalkSpeed": 1.25,
  "RunSpeed": 2.5,
  "Traction": 0.35,
  "JumpSpeed": 4.5,
  "FallSpeed": 0.25,
  "BackDashDuration": 25,
  "BackDashInvincibility": 8,
  "BackDashSpeed": 5.0,
  "BackDashStartup": 3.0,
  "FastFallSpeed": 0.35,
  "JumpType": 2,
  "JumpHorizontalSpeed": 0.0,
  "CharacterSprites": {
    "Idle": "sBeverly_Idle",
    "Crouch": "sBeverly_Crouch_MOCKUP",
    "StandBlock": "sRussel_Block",
    "CrouchBlock": "sRussel_Crouch_Block",
    "WalkForward": "sRussel_Walk_Forward",
    "WalkBackward": "sRussel_Walk_Backward",
    "RunForward": "sRussel_Run_Forward",
    "RunBackward": "sRussel_Run_Backward",
    "JumpSquat": "sRussel_Jumpsquat",
    "Jump": "sBeverly_Jump_Mockup",
    "Hurt": "sRussel_Hurt",
    "Grab": "sRussel_Grab",
    "Hold": "sRussel_Hold",
    "Launched": "sRussel_Launched",
    "Knockdown": "sRussel_KnockedDown",
    "GetUp": "sRussel_Getup"
  },
  "SuperMeterBuildRate": 0.05,
  "BaseColor": {
    "UID": "74ab7666-7e20-4d84-8b4e-b2d9221735f8",
    "Name": "",
    "NumberOfReplacableColors": 16,
    "ColorPalette": [
      {
        "Red": 0.92941177,
        "Blue": 0.3764706,
        "Green": 0.8784314
      },
      {
        "Red": 0.92941177,
        "Blue": 0.21960784,
        "Green": 0.67058825
      },
      {
        "Red": 0.7254902,
        "Blue": 0.23529412,
        "Green": 0.3647059
      },
      {
        "Red": 0.3372549,
        "Blue": 0.16078432,
        "Green": 0.24313726
      },
      {
        "Red": 0.92941177,
        "Blue": 0.6117647,
        "Green": 0.79607844
      },
      {
        "Red": 0.96862745,
        "Blue": 0.45490196,
        "Green": 0.6627451
      },
      {
        "Red": 0.67058825,
        "Blue": 0.3137255,
        "Green": 0.4862745
      },
      {
        "Red": 0.11764706,
        "Blue": 0.10980392,
        "Green": 0.0627451
      },
      {
        "Red": 0.9607843,
        "Blue": 0.7764706,
        "Green": 0.6039216
      },
      {
        "Red": 0.8901961,
        "Blue": 0.72156864,
        "Green": 0.42745098
      },
      {
        "Red": 0.34509805,
        "Blue": 0.39215687,
        "Green": 0.8392157
      },
      {
        "Red": 0.09411765,
        "Blue": 0.12156863,
        "Green": 0.32941177
      },
      {
        "Red": 0.96862745,
        "Blue": 1.0,
        "Green": 1.0
      },
      {
        "Red": 0.87058824,
        "Blue": 0.87058824,
        "Green": 0.85490197
      },
      {
        "Red": 1.0,
        "Blue": 0.0,
        "Green": 0.0
      },
      {
        "Red": 0.0,
        "Blue": 1.0,
        "Green": 1.0
      }
    ]
  },
  "NumberOfPalettes": 10,
  "Palettes": [
    {
      "UID": "b0da4ab6-a494-40ef-a8ea-29284ecc4337",
      "Name": "Default",
      "NumberOfReplacableColors": 16,
      "ColorPalette": [
        {
          "Red": 0.92941177,
          "Blue": 0.3764706,
          "Green": 0.8784314
        },
        {
          "Red": 0.92941177,
          "Blue": 0.21960784,
          "Green": 0.67058825
        },
        {
          "Red": 0.7254902,
          "Blue": 0.23529412,
          "Green": 0.3647059
        },
        {
          "Red": 0.3372549,
          "Blue": 0.16078432,
          "Green": 0.24313726
        },
        {
          "Red": 0.92941177,
          "Blue": 0.6117647,
          "Green": 0.79607844
        },
        {
          "Red": 0.96862745,
          "Blue": 0.45490196,
          "Green": 0.6627451
        },
        {
          "Red": 0.67058825,
          "Blue": 0.3137255,
          "Green": 0.4862745
        },
        {
          "Red": 0.11764706,
          "Blue": 0.10980392,
          "Green": 0.0627451
        },
        {
          "Red": 0.9607843,
          "Blue": 0.7764706,
          "Green": 0.6039216
        },
        {
          "Red": 0.8901961,
          "Blue": 0.72156864,
          "Green": 0.42745098
        },
        {
          "Red": 0.34509805,
          "Blue": 0.39215687,
          "Green": 0.8392157
        },
        {
          "Red": 0.09411765,
          "Blue": 0.12156863,
          "Green": 0.32941177
        },
        {
          "Red": 0.96862745,
          "Blue": 1.0,
          "Green": 1.0
        },
        {
          "Red": 0.87058824,
          "Blue": 0.87058824,
          "Green": 0.85490197
        },
        {
          "Red": 0.92941177,
          "Blue": 0.21960784,
          "Green": 0.67058825
        },
        {
          "Red": 0.7254902,
          "Blue": 0.23529412,
          "Green": 0.3647059
        }
      ]
    },
    {
      "UID": "c3c8f7b8-1522-4fd2-ad41-c10bcface464",
      "Name": "Blue - Arina",
      "NumberOfReplacableColors": 16,
      "ColorPalette": [
        {
          "Red": 0.14509805,
          "Blue": 0.72156864,
          "Green": 0.5019608
        },
        {
          "Red": 0.07450981,
          "Blue": 0.62352943,
          "Green": 0.3372549
        },
        {
          "Red": 0.2,
          "Blue": 0.41960785,
          "Green": 0.09411765
        },
        {
          "Red": 0.11764706,
          "Blue": 0.10980392,
          "Green": 0.0627451
        },
        {
          "Red": 0.92941177,
          "Blue": 0.6117647,
          "Green": 0.79607844
        },
        {
          "Red": 0.96862745,
          "Blue": 0.45490196,
          "Green": 0.6627451
        },
        {
          "Red": 0.67058825,
          "Blue": 0.3137255,
          "Green": 0.4862745
        },
        {
          "Red": 0.11764706,
          "Blue": 0.10980392,
          "Green": 0.0627451
        },
        {
          "Red": 1.0,
          "Blue": 0.39215687,
          "Green": 0.5372549
        },
        {
          "Red": 1.0,
          "Blue": 0.24313726,
          "Green": 0.21960784
        },
        {
          "Red": 0.14509805,
          "Blue": 0.72156864,
          "Green": 0.5019608
        },
        {
          "Red": 0.2,
          "Blue": 0.41960785,
          "Green": 0.09411765
        },
        {
          "Red": 0.96862745,
          "Blue": 1.0,
          "Green": 1.0
        },
        {
          "Red": 0.827451,
          "Blue": 0.87058824,
          "Green": 0.85490197
        },
        {
          "Red": 0.47843137,
          "Blue": 0.2,
          "Green": 0.24313726
        },
        {
          "Red": 0.36078432,
          "Blue": 0.20392157,
          "Green": 0.16862746
        }
      ]
    },
    {
      "UID": "1a7c0eb7-7274-4a66-acdb-4534bad1251c",
      "Name": "Yellow",
      "NumberOfReplacableColors": 16,
      "ColorPalette": [
        {
          "Red": 1.0,
          "Blue": 0.39215687,
          "Green": 0.5372549
        },
        {
          "Red": 1.0,
          "Blue": 0.24313726,
          "Green": 0.21960784
        },
        {
          "Red": 0.7254902,
          "Blue": 0.23529412,
          "Green": 0.3647059
        },
        {
          "Red": 0.3372549,
          "Blue": 0.16078432,
          "Green": 0.24313726
        },
        {
          "Red": 0.92941177,
          "Blue": 0.6117647,
          "Green": 0.79607844
        },
        {
          "Red": 0.96862745,
          "Blue": 0.45490196,
          "Green": 0.6627451
        },
        {
          "Red": 0.67058825,
          "Blue": 0.3137255,
          "Green": 0.4862745
        },
        {
          "Red": 0.11764706,
          "Blue": 0.10980392,
          "Green": 0.0627451
        },
        {
          "Red": 0.14509805,
          "Blue": 0.72156864,
          "Green": 0.5019608
        },
        {
          "Red": 0.07450981,
          "Blue": 0.62352943,
          "Green": 0.3372549
        },
        {
          "Red": 0.92941177,
          "Blue": 0.3764706,
          "Green": 0.8784314
        },
        {
          "Red": 0.7254902,
          "Blue": 0.23529412,
          "Green": 0.3647059
        },
        {
          "Red": 0.96862745,
          "Blue": 1.0,
          "Green": 1.0
        },
        {
          "Red": 0.827451,
          "Blue": 0.87058824,
          "Green": 0.85490197
        },
        {
          "Red": 0.92941177,
          "Blue": 0.21960784,
          "Green": 0.67058825
        },
        {
          "Red": 0.7254902,
          "Blue": 0.23529412,
          "Green": 0.3647059
        }
      ]
    },
    {
      "UID": "9f44f8ff-bf6e-4f46-b7d2-949b75db876c",
      "Name": "Green",
      "NumberOfReplacableColors": 16,
      "ColorPalette": [
        {
          "Red": 0.2627451,
          "Blue": 0.30588236,
          "Green": 0.76862746
        },
        {
          "Red": 0.23921569,
          "Blue": 0.28627452,
          "Green": 0.6313726
        },
        {
          "Red": 0.36078432,
          "Blue": 0.20392157,
          "Green": 0.16862746
        },
        {
          "Red": 0.11764706,
          "Blue": 0.10980392,
          "Green": 0.0627451
        },
        {
          "Red": 0.92941177,
          "Blue": 0.6117647,
          "Green": 0.79607844
        },
        {
          "Red": 0.96862745,
          "Blue": 0.45490196,
          "Green": 0.6627451
        },
        {
          "Red": 0.67058825,
          "Blue": 0.3137255,
          "Green": 0.4862745
        },
        {
          "Red": 0.11764706,
          "Blue": 0.10980392,
          "Green": 0.0627451
        },
        {
          "Red": 0.96862745,
          "Blue": 1.0,
          "Green": 1.0
        },
        {
          "Red": 0.827451,
          "Blue": 0.87058824,
          "Green": 0.85490197
        },
        {
          "Red": 0.14509805,
          "Blue": 0.72156864,
          "Green": 0.5019608
        },
        {
          "Red": 0.2,
          "Blue": 0.41960785,
          "Green": 0.09411765
        },
        {
          "Red": 0.96862745,
          "Blue": 1.0,
          "Green": 1.0
        },
        {
          "Red": 0.827451,
          "Blue": 0.87058824,
          "Green": 0.85490197
        },
        {
          "Red": 0.47843137,
          "Blue": 0.2,
          "Green": 0.24313726
        },
        {
          "Red": 0.36078432,
          "Blue": 0.20392157,
          "Green": 0.16862746
        }
      ]
    },
    {
      "UID": "c305d9b0-da5c-4b0b-b9fc-c8e3e16aba30",
      "Name": "Black",
      "NumberOfReplacableColors": 16,
      "ColorPalette": [
        {
          "Red": 0.2784314,
          "Blue": 0.23921569,
          "Green": 0.23921569
        },
        {
          "Red": 0.101960786,
          "Blue": 0.08627451,
          "Green": 0.08627451
        },
        {
          "Red": 0.101960786,
          "Blue": 0.08627451,
          "Green": 0.08627451
        },
        {
          "Red": 0.05882353,
          "Blue": 0.011764706,
          "Green": 0.011764706
        },
        {
          "Red": 0.92941177,
          "Blue": 0.6117647,
          "Green": 0.79607844
        },
        {
          "Red": 0.96862745,
          "Blue": 0.45490196,
          "Green": 0.6627451
        },
        {
          "Red": 0.67058825,
          "Blue": 0.3137255,
          "Green": 0.4862745
        },
        {
          "Red": 0.11764706,
          "Blue": 0.10980392,
          "Green": 0.0627451
        },
        {
          "Red": 0.0,
          "Blue": 0.31764707,
          "Green": 0.13725491
        },
        {
          "Red": 0.05490196,
          "Blue": 0.13333334,
          "Green": 0.0
        },
        {
          "Red": 0.92941177,
          "Blue": 0.6117647,
          "Green": 0.79607844
        },
        {
          "Red": 0.96862745,
          "Blue": 0.45490196,
          "Green": 0.6627451
        },
        {
          "Red": 0.96862745,
          "Blue": 1.0,
          "Green": 1.0
        },
        {
          "Red": 0.827451,
          "Blue": 0.87058824,
          "Green": 0.85490197
        },
        {
          "Red": 0.2784314,
          "Blue": 0.23921569,
          "Green": 0.23921569
        },
        {
          "Red": 0.101960786,
          "Blue": 0.08627451,
          "Green": 0.08627451
        }
      ]
    },
    {
      "UID": "2028905c-fa05-4bc0-b895-053c690a975f",
      "Name": "White - Wii Fit",
      "NumberOfReplacableColors": 16,
      "ColorPalette": [
        {
          "Red": 0.37254903,
          "Blue": 0.89411765,
          "Green": 0.8039216
        },
        {
          "Red": 0.3882353,
          "Blue": 1.0,
          "Green": 0.60784316
        },
        {
          "Red": 0.4117647,
          "Blue": 0.41568628,
          "Green": 0.41568628
        },
        {
          "Red": 0.2784314,
          "Blue": 0.23921569,
          "Green": 0.23921569
        },
        {
          "Red": 0.96862745,
          "Blue": 1.0,
          "Green": 1.0
        },
        {
          "Red": 0.827451,
          "Blue": 0.87058824,
          "Green": 0.85490197
        },
        {
          "Red": 0.60784316,
          "Blue": 0.7176471,
          "Green": 0.6784314
        },
        {
          "Red": 0.11764706,
          "Blue": 0.10980392,
          "Green": 0.0627451
        },
        {
          "Red": 0.96862745,
          "Blue": 1.0,
          "Green": 1.0
        },
        {
          "Red": 0.827451,
          "Blue": 0.87058824,
          "Green": 0.85490197
        },
        {
          "Red": 0.2784314,
          "Blue": 0.23921569,
          "Green": 0.23921569
        },
        {
          "Red": 0.05882353,
          "Blue": 0.011764706,
          "Green": 0.011764706
        },
        {
          "Red": 0.96862745,
          "Blue": 1.0,
          "Green": 1.0
        },
        {
          "Red": 0.827451,
          "Blue": 0.87058824,
          "Green": 0.85490197
        },
        {
          "Red": 0.60784316,
          "Blue": 0.7176471,
          "Green": 0.6784314
        },
        {
          "Red": 0.4117647,
          "Blue": 0.41568628,
          "Green": 0.41568628
        }
      ]
    },
    {
      "UID": "fee5f05d-580e-452f-811f-1bd076f50d68",
      "Name": "Purple",
      "NumberOfReplacableColors": 16,
      "ColorPalette": [
        {
          "Red": 0.98039216,
          "Blue": 0.7921569,
          "Green": 0.64705884
        },
        {
          "Red": 0.8392157,
          "Blue": 0.7607843,
          "Green": 0.30980393
        },
        {
          "Red": 0.10980392,
          "Blue": 0.25882354,
          "Green": 0.023529412
        },
        {
          "Red": 0.11764706,
          "Blue": 0.10980392,
          "Green": 0.0627451
        },
        {
          "Red": 0.92941177,
          "Blue": 0.6117647,
          "Green": 0.79607844
        },
        {
          "Red": 0.96862745,
          "Blue": 0.45490196,
          "Green": 0.6627451
        },
        {
          "Red": 0.67058825,
          "Blue": 0.3137255,
          "Green": 0.4862745
        },
        {
          "Red": 0.11764706,
          "Blue": 0.10980392,
          "Green": 0.0627451
        },
        {
          "Red": 0.2627451,
          "Blue": 0.30588236,
          "Green": 0.76862746
        },
        {
          "Red": 0.23921569,
          "Blue": 0.28627452,
          "Green": 0.6313726
        },
        {
          "Red": 0.54509807,
          "Blue": 0.8,
          "Green": 0.16078432
        },
        {
          "Red": 0.10980392,
          "Blue": 0.25882354,
          "Green": 0.023529412
        },
        {
          "Red": 0.96862745,
          "Blue": 1.0,
          "Green": 1.0
        },
        {
          "Red": 0.827451,
          "Blue": 0.87058824,
          "Green": 0.85490197
        },
        {
          "Red": 0.47843137,
          "Blue": 0.2,
          "Green": 0.24313726
        },
        {
          "Red": 0.36078432,
          "Blue": 0.20392157,
          "Green": 0.16862746
        }
      ]
    },
    {
      "UID": "6defc61e-26d5-445e-aef5-9380912b6d70",
      "Name": "Orange",
      "NumberOfReplacableColors": 16,
      "ColorPalette": [
        {
          "Red": 0.9607843,
          "Blue": 0.19215687,
          "Green": 0.627451
        },
        {
          "Red": 0.9019608,
          "Blue": 0.11764706,
          "Green": 0.45490196
        },
        {
          "Red": 0.7254902,
          "Blue": 0.23529412,
          "Green": 0.3647059
        },
        {
          "Red": 0.3372549,
          "Blue": 0.16078432,
          "Green": 0.24313726
        },
        {
          "Red": 0.4,
          "Blue": 0.08627451,
          "Green": 0.13333334
        },
        {
          "Red": 0.32941177,
          "Blue": 0.13333334,
          "Green": 0.08627451
        },
        {
          "Red": 0.11764706,
          "Blue": 0.10980392,
          "Green": 0.0627451
        },
        {
          "Red": 0.11764706,
          "Blue": 0.10980392,
          "Green": 0.0627451
        },
        {
          "Red": 0.9607843,
          "Blue": 0.19215687,
          "Green": 0.627451
        },
        {
          "Red": 0.9019608,
          "Blue": 0.11764706,
          "Green": 0.45490196
        },
        {
          "Red": 0.54509807,
          "Blue": 0.8,
          "Green": 0.16078432
        },
        {
          "Red": 0.10980392,
          "Blue": 0.25882354,
          "Green": 0.023529412
        },
        {
          "Red": 0.96862745,
          "Blue": 1.0,
          "Green": 1.0
        },
        {
          "Red": 0.87058824,
          "Blue": 0.87058824,
          "Green": 0.85490197
        },
        {
          "Red": 0.92941177,
          "Blue": 0.21960784,
          "Green": 0.67058825
        },
        {
          "Red": 0.7254902,
          "Blue": 0.23529412,
          "Green": 0.3647059
        }
      ]
    },
    {
      "UID": "e95e581b-971c-4ff7-9217-f03c94c25fbf",
      "Name": "Ariel",
      "NumberOfReplacableColors": 16,
      "ColorPalette": [
        {
          "Red": 0.92156863,
          "Blue": 0.6901961,
          "Green": 0.36862746
        },
        {
          "Red": 0.7882353,
          "Blue": 0.6627451,
          "Green": 0.23529412
        },
        {
          "Red": 0.58431375,
          "Blue": 0.6901961,
          "Green": 0.1254902
        },
        {
          "Red": 0.4509804,
          "Blue": 0.19607843,
          "Green": 0.02745098
        },
        {
          "Red": 0.92941177,
          "Blue": 0.6117647,
          "Green": 0.79607844
        },
        {
          "Red": 0.96862745,
          "Blue": 0.45490196,
          "Green": 0.6627451
        },
        {
          "Red": 0.67058825,
          "Blue": 0.3137255,
          "Green": 0.4862745
        },
        {
          "Red": 0.11764706,
          "Blue": 0.10980392,
          "Green": 0.0627451
        },
        {
          "Red": 0.37254903,
          "Blue": 0.89411765,
          "Green": 0.8039216
        },
        {
          "Red": 0.3882353,
          "Blue": 1.0,
          "Green": 0.60784316
        },
        {
          "Red": 0.14509805,
          "Blue": 0.72156864,
          "Green": 0.5019608
        },
        {
          "Red": 0.2,
          "Blue": 0.41960785,
          "Green": 0.09411765
        },
        {
          "Red": 0.96862745,
          "Blue": 1.0,
          "Green": 1.0
        },
        {
          "Red": 0.827451,
          "Blue": 0.87058824,
          "Green": 0.85490197
        },
        {
          "Red": 1.0,
          "Blue": 0.18039216,
          "Green": 0.18039216
        },
        {
          "Red": 0.7607843,
          "Blue": 0.31764707,
          "Green": 0.18431373
        }
      ]
    },
    {
      "UID": "d43e0083-2116-4dfa-9608-83162b633ec7",
      "Name": "Blue Hair",
      "NumberOfReplacableColors": 16,
      "ColorPalette": [
        {
          "Red": 0.2784314,
          "Blue": 0.23921569,
          "Green": 0.23921569
        },
        {
          "Red": 0.101960786,
          "Blue": 0.08627451,
          "Green": 0.08627451
        },
        {
          "Red": 0.101960786,
          "Blue": 0.08627451,
          "Green": 0.08627451
        },
        {
          "Red": 0.2,
          "Blue": 0.41960785,
          "Green": 0.09411765
        },
        {
          "Red": 0.92941177,
          "Blue": 0.6117647,
          "Green": 0.79607844
        },
        {
          "Red": 0.96862745,
          "Blue": 0.45490196,
          "Green": 0.6627451
        },
        {
          "Red": 0.67058825,
          "Blue": 0.3137255,
          "Green": 0.4862745
        },
        {
          "Red": 0.11764706,
          "Blue": 0.10980392,
          "Green": 0.0627451
        },
        {
          "Red": 1.0,
          "Blue": 0.18039216,
          "Green": 0.18039216
        },
        {
          "Red": 0.7607843,
          "Blue": 0.31764707,
          "Green": 0.18431373
        },
        {
          "Red": 0.2784314,
          "Blue": 0.23921569,
          "Green": 0.23921569
        },
        {
          "Red": 0.05882353,
          "Blue": 0.011764706,
          "Green": 0.011764706
        },
        {
          "Red": 0.96862745,
          "Blue": 1.0,
          "Green": 1.0
        },
        {
          "Red": 0.827451,
          "Blue": 0.87058824,
          "Green": 0.85490197
        },
        {
          "Red": 0.14509805,
          "Blue": 0.72156864,
          "Green": 0.5019608
        },
        {
          "Red": 0.07450981,
          "Blue": 0.62352943,
          "Green": 0.3372549
        }
      ]
    }
  ],
  "MoveData": [
    {
      "UID": "84bb4293-87eb-466b-be35-34ae6b92c905",
      "MoveType": 1,
      "MoveCanCancelInto": 0,
      "SpriteName": "sRussel_BackwardThrow",
      "Duration": 58,
      "NumberOfFrames": 10,
      "FrameData": [
        {
          "Length": 4,
          "ImageIndex": 1
        },
        {
          "Length": 7,
          "ImageIndex": 2
        },
        {
          "Length": 13,
          "ImageIndex": 3
        },
        {
          "Length": 22,
          "ImageIndex": 4
        },
        {
          "Length": 25,
          "ImageIndex": 5
        },
        {
          "Length": 28,
          "ImageIndex": 6
        },
        {
          "Length": 31,
          "ImageIndex": 7
        },
        {
          "Length": 43,
          "ImageIndex": 8
        },
        {
          "Length": 49,
          "ImageIndex": 9
        },
        {
          "Length": 55,
          "ImageIndex": 10
        }
      ],
      "NumberOfHitboxes": 1,
      "AttackData": [
        {
          "Start": 28,
          "Lifetime": 5,
          "AttackWidth": 10,
          "AttackHeight": 20,
          "WidthOffset": -50,
          "HeightOffset": 0,
          "Group": 2,
          "Damage": 10,
          "AttackHitStop": 16,
          "AttackHitStun": 10,
          "AttackType": 1,
          "BlockStun": 5.0,
          "KnockBack": 3.0,
          "AirKnockbackVertical": 0.0,
          "AirKnockbackHorizontal": 0.0,
          "Launches": true,
          "LaunchKnockbackVertical": -4.0,
          "LaunchKnockbackHorizontal": -0.2,
          "Pushback": 0.0,
          "ParticleXOffset": 20,
          "ParticleYOffset": 10,
          "ParticleEffect": "sHitEffect",
          "ParticleDuration": 5,
          "HoldXOffset": 0,
          "HoldYOffset": 0,
          "MeterGain": 10.0,
          "ComboScaling": 4.0,
          "CausesWallbounce": false
        }
      ],
      "CounterData": [
        {
          "CounterHitLevel": 1,
          "Group": 1,
          "Damage": 20,
          "MeterGain": 12.0,
          "AttackHitStop": 30,
          "AttackHitStun": 14,
          "KnockBack": 5.0,
          "AirKnockbackVertical": -2.0,
          "AirKnockbackHorizontal": 4.0,
          "Pushback": 0.0,
          "ParticleXOffset": 18,
          "ParticleYOffset": 10,
          "ParticleEffect": "sHitEffect",
          "ParticleDuration": 10,
          "Launches": true,
          "LaunchKnockbackVertical": -1.0,
          "LaunchKnockbackHorizontal": 5.0,
          "ComboScaling": 1.0,
          "CausesWallbounce": false
        }
      ],
      "IsThrow": true,
      "OpponentPositionData": {
        "DistanceFromWall": -70.0,
        "ThrowOffset": 0,
        "NumberOfFrames": 5,
        "Frames": [
          {
            "Frame": 0,
            "RelativeX": 20,
            "RelativeY": 0,
            "Sprite": 0,
            "Index": 0,
            "Rotation": 0,
            "XScale": -1
          },
          {
            "Frame": 7,
            "RelativeX": 20,
            "RelativeY": 1,
            "Sprite": 0,
            "Index": 0,
            "Rotation": 0,
            "XScale": -1
          },
          {
            "Frame": 13,
            "RelativeX": 20,
            "RelativeY": 2,
            "Sprite": 0,
            "Index": 0,
            "Rotation": 0,
            "XScale": -1
          },
          {
            "Frame": 22,
            "RelativeX": 10,
            "RelativeY": -40,
            "Sprite": 0,
            "Index": 0,
            "Rotation": 90,
            "XScale": -1
          },
          {
            "Frame": 25,
            "RelativeX": -50,
            "RelativeY": -2,
            "Sprite": 2,
            "Index": 5,
            "Rotation": 0,
            "XScale": -1
          }
        ]
      },
      "NumberOfHurtboxes": 1,
      "HurtboxData": [
        {
          "Start": 4,
          "Lifetime": 1,
          "AttackWidth": 20,
          "AttackHeight": 25,
          "WidthOffset": -6,
          "HeightOffset": 0
        }
      ],
      "NumberOfProjectiles": 0,
      "ProjectileData": [],
      "RehitData": {
        "HitBox": 0,
        "NumberOfHits": 0,
        "HitOnFrames": []
      },
      "GroundMovementData": {
        "NumberOfWindows": 0,
        "Windows": [],
        "GravityScale": 0.0,
        "FallScale": 0.0
      },
      "AirMovementData": {
        "NumberOfWindows": 0,
        "Windows": [],
        "GravityScale": 0.0,
        "FallScale": 0.0
      },
      "SupplimentaryScript": ""
    },
    {
      "UID": "3040e46f-52a4-4da8-a6e6-579ca058c124",
      "MoveType": 2,
      "MoveCanCancelInto": 0,
      "SpriteName": "sRussel_ForwardThrow",
      "Duration": 42,
      "NumberOfFrames": 9,
      "FrameData": [
        {
          "Length": 5,
          "ImageIndex": 1
        },
        {
          "Length": 10,
          "ImageIndex": 2
        },
        {
          "Length": 14,
          "ImageIndex": 3
        },
        {
          "Length": 18,
          "ImageIndex": 4
        },
        {
          "Length": 24,
          "ImageIndex": 5
        },
        {
          "Length": 34,
          "ImageIndex": 6
        },
        {
          "Length": 36,
          "ImageIndex": 7
        },
        {
          "Length": 38,
          "ImageIndex": 8
        },
        {
          "Length": 40,
          "ImageIndex": 9
        }
      ],
      "NumberOfHitboxes": 1,
      "AttackData": [
        {
          "Start": 14,
          "Lifetime": 5,
          "AttackWidth": 35,
          "AttackHeight": 20,
          "WidthOffset": 0,
          "HeightOffset": 0,
          "Group": 2,
          "Damage": 10,
          "AttackHitStop": 16,
          "AttackHitStun": 10,
          "AttackType": 1,
          "BlockStun": 5.0,
          "KnockBack": 3.0,
          "AirKnockbackVertical": 0.0,
          "AirKnockbackHorizontal": 0.0,
          "Launches": true,
          "LaunchKnockbackVertical": 2.0,
          "LaunchKnockbackHorizontal": 4.0,
          "Pushback": 0.0,
          "ParticleXOffset": 20,
          "ParticleYOffset": 10,
          "ParticleEffect": "sHitEffect",
          "ParticleDuration": 5,
          "HoldXOffset": 0,
          "HoldYOffset": 0,
          "MeterGain": 10.0,
          "ComboScaling": 4.0,
          "CausesWallbounce": false
        }
      ],
      "CounterData": [
        {
          "CounterHitLevel": 1,
          "Group": 1,
          "Damage": 20,
          "MeterGain": 12.0,
          "AttackHitStop": 30,
          "AttackHitStun": 14,
          "KnockBack": 5.0,
          "AirKnockbackVertical": -2.0,
          "AirKnockbackHorizontal": 4.0,
          "Pushback": 0.0,
          "ParticleXOffset": 18,
          "ParticleYOffset": 10,
          "ParticleEffect": "sHitEffect",
          "ParticleDuration": 10,
          "Launches": true,
          "LaunchKnockbackVertical": -1.0,
          "LaunchKnockbackHorizontal": 5.0,
          "ComboScaling": 1.0,
          "CausesWallbounce": false
        }
      ],
      "IsThrow": true,
      "OpponentPositionData": {
        "DistanceFromWall": 50.0,
        "ThrowOffset": 0,
        "NumberOfFrames": 2,
        "Frames": [
          {
            "Frame": 0,
            "RelativeX": 20,
            "RelativeY": 0,
            "Sprite": 0,
            "Index": 0,
            "Rotation": 0,
            "XScale": -1
          },
          {
            "Frame": 13,
            "RelativeX": 30,
            "RelativeY": 0,
            "Sprite": 0,
            "Index": 0,
            "Rotation": 0,
            "XScale": -1
          }
        ]
      },
      "NumberOfHurtboxes": 1,
      "HurtboxData": [
        {
          "Start": 4,
          "Lifetime": 1,
          "AttackWidth": 20,
          "AttackHeight": 25,
          "WidthOffset": -6,
          "HeightOffset": 0
        }
      ],
      "NumberOfProjectiles": 0,
      "ProjectileData": [],
      "RehitData": {
        "HitBox": 0,
        "NumberOfHits": 0,
        "HitOnFrames": []
      },
      "GroundMovementData": {
        "NumberOfWindows": 0,
        "Windows": [],
        "GravityScale": 0.0,
        "FallScale": 0.0
      },
      "AirMovementData": {
        "NumberOfWindows": 0,
        "Windows": [],
        "GravityScale": 0.0,
        "FallScale": 0.0
      },
      "SupplimentaryScript": ""
    },
    {
      "UID": "b37e1485-d5f2-406e-8117-ac743c7ddccc",
      "MoveType": 4,
      "MoveCanCancelInto": 0,
      "SpriteName": "sRussel_Grab",
      "Duration": 24,
      "NumberOfFrames": 5,
      "FrameData": [
        {
          "Length": 4,
          "ImageIndex": 1
        },
        {
          "Length": 8,
          "ImageIndex": 2
        },
        {
          "Length": 12,
          "ImageIndex": 3
        },
        {
          "Length": 16,
          "ImageIndex": 4
        },
        {
          "Length": 20,
          "ImageIndex": 5
        }
      ],
      "NumberOfHitboxes": 1,
      "AttackData": [
        {
          "Start": 5,
          "Lifetime": 2,
          "AttackWidth": 17,
          "AttackHeight": 20,
          "WidthOffset": 0,
          "HeightOffset": 0,
          "Group": 1,
          "Damage": 0,
          "AttackHitStop": 0,
          "AttackHitStun": 0,
          "AttackType": 3,
          "BlockStun": 0.0,
          "KnockBack": 0.0,
          "AirKnockbackVertical": 0.0,
          "AirKnockbackHorizontal": 0.0,
          "Launches": false,
          "LaunchKnockbackVertical": 0.0,
          "LaunchKnockbackHorizontal": 0.0,
          "Pushback": 0.0,
          "ParticleXOffset": 10,
          "ParticleYOffset": 0,
          "ParticleEffect": "sHitEffect",
          "ParticleDuration": 5,
          "HoldXOffset": 20,
          "HoldYOffset": 0,
          "MeterGain": 0.0,
          "ComboScaling": 0.0,
          "CausesWallbounce": false
        }
      ],
      "CounterData": [
        {
          "CounterHitLevel": 1,
          "Group": 1,
          "Damage": 20,
          "MeterGain": 12.0,
          "AttackHitStop": 30,
          "AttackHitStun": 14,
          "KnockBack": 5.0,
          "AirKnockbackVertical": -2.0,
          "AirKnockbackHorizontal": 4.0,
          "Pushback": 0.0,
          "ParticleXOffset": 18,
          "ParticleYOffset": 10,
          "ParticleEffect": "sHitEffect",
          "ParticleDuration": 10,
          "Launches": true,
          "LaunchKnockbackVertical": -1.0,
          "LaunchKnockbackHorizontal": 5.0,
          "ComboScaling": 1.0,
          "CausesWallbounce": false
        }
      ],
      "IsThrow": false,
      "OpponentPositionData": {
        "DistanceFromWall": 0.0,
        "ThrowOffset": 0,
        "NumberOfFrames": 0,
        "Frames": []
      },
      "NumberOfHurtboxes": 1,
      "HurtboxData": [
        {
          "Start": 4,
          "Lifetime": 20,
          "AttackWidth": 20,
          "AttackHeight": 26,
          "WidthOffset": -6,
          "HeightOffset": 0
        }
      ],
      "NumberOfProjectiles": 0,
      "ProjectileData": [],
      "RehitData": {
        "HitBox": 0,
        "NumberOfHits": 0,
        "HitOnFrames": []
      },
      "GroundMovementData": {
        "NumberOfWindows": 0,
        "Windows": [],
        "GravityScale": 0.0,
        "FallScale": 0.0
      },
      "AirMovementData": {
        "NumberOfWindows": 0,
        "Windows": [],
        "GravityScale": 0.0,
        "FallScale": 0.0
      },
      "SupplimentaryScript": ""
    },
    {
      "UID": "02964764-f1b3-4099-9866-309811d6e312",
      "MoveType": 16,
      "MoveCanCancelInto": 0,
      "SpriteName": "sBeverly_NSpecial_MOCKUP",
      "Duration": 30,
      "NumberOfFrames": 3,
      "FrameData": [
        {
          "Length": 2,
          "ImageIndex": 0
        },
        {
          "Length": 15,
          "ImageIndex": 1
        },
        {
          "Length": 25,
          "ImageIndex": 2
        }
      ],
      "NumberOfHitboxes": 1,
      "AttackData": [
        {
          "Start": 15,
          "Lifetime": 1,
          "AttackWidth": 30,
          "AttackHeight": 20,
          "WidthOffset": 10,
          "HeightOffset": 2,
          "Group": 1,
          "Damage": 1,
          "AttackHitStop": 2,
          "AttackHitStun": 8,
          "AttackType": 1,
          "BlockStun": 4.0,
          "KnockBack": 1.0,
          "AirKnockbackVertical": -0.5,
          "AirKnockbackHorizontal": 0.5,
          "Launches": false,
          "LaunchKnockbackVertical": 0.0,
          "LaunchKnockbackHorizontal": 0.0,
          "Pushback": 1.0,
          "ParticleXOffset": 20,
          "ParticleYOffset": 10,
          "ParticleEffect": "sHitEffect",
          "ParticleDuration": 5,
          "HoldXOffset": 0,
          "HoldYOffset": 0,
          "MeterGain": 1.0,
          "ComboScaling": 2.0,
          "CausesWallbounce": false
        }
      ],
      "CounterData": [
        {
          "CounterHitLevel": 2,
          "Group": 1,
          "Damage": 20,
          "MeterGain": 12.0,
          "AttackHitStop": 30,
          "AttackHitStun": 14,
          "KnockBack": 5.0,
          "AirKnockbackVertical": -2.0,
          "AirKnockbackHorizontal": 4.0,
          "Pushback": 3.0,
          "ParticleXOffset": 18,
          "ParticleYOffset": 10,
          "ParticleEffect": "sHitEffect",
          "ParticleDuration": 10,
          "Launches": false,
          "LaunchKnockbackVertical": -1.0,
          "LaunchKnockbackHorizontal": 5.0,
          "ComboScaling": 1.0,
          "CausesWallbounce": false
        }
      ],
      "IsThrow": false,
      "OpponentPositionData": {
        "DistanceFromWall": 0.0,
        "ThrowOffset": 0,
        "NumberOfFrames": 0,
        "Frames": []
      },
      "NumberOfHurtboxes": 1,
      "HurtboxData": [
        {
          "Start": 10,
          "Lifetime": 16,
          "AttackWidth": 30,
          "AttackHeight": 30,
          "WidthOffset": 6,
          "HeightOffset": 2
        }
      ],
      "NumberOfProjectiles": 1,
      "ProjectileData": [
        {
          "SpawnFrame": 15,
          "SpawnXOffset": 10,
          "SpawnYOffset": -10,
          "ProjectileObject": "oTestLobbingProjectile"
        }
      ],
      "RehitData": {
        "HitBox": 0,
        "NumberOfHits": 0,
        "HitOnFrames": []
      },
      "GroundMovementData": {
        "NumberOfWindows": 0,
        "Windows": [],
        "GravityScale": 0.0,
        "FallScale": 0.0
      },
      "AirMovementData": {
        "NumberOfWindows": 3,
        "Windows": [
          {
            "StartingFrame": 0,
            "HorizontalSpeed": 0.0,
            "VerticalSpeed": 0.0,
            "OverwriteVerticalSpeed": true,
            "OverwriteHorizontalSpeed": false
          },
          {
            "StartingFrame": 1,
            "HorizontalSpeed": 0.0,
            "VerticalSpeed": -2.0,
            "OverwriteVerticalSpeed": true,
            "OverwriteHorizontalSpeed": false
          },
          {
            "StartingFrame": 2,
            "HorizontalSpeed": 0.0,
            "VerticalSpeed": 0.0,
            "OverwriteVerticalSpeed": false,
            "OverwriteHorizontalSpeed": false
          }
        ],
        "GravityScale": 1.0,
        "FallScale": 0.5
      },
      "SupplimentaryScript": ""
    },
    {
      "UID": "032032e6-71fc-4f2c-bf79-7b5e75d8fe99",
      "MoveType": 8,
      "MoveCanCancelInto": 0,
      "SpriteName": "sBeverly_SideSpecial1_MOCKUP",
      "Duration": 44,
      "NumberOfFrames": 3,
      "FrameData": [
        {
          "Length": 4,
          "ImageIndex": 1
        },
        {
          "Length": 8,
          "ImageIndex": 2
        },
        {
          "Length": 22,
          "ImageIndex": 3
        }
      ],
      "NumberOfHitboxes": 2,
      "AttackData": [
        {
          "Start": 8,
          "Lifetime": 4,
          "AttackWidth": 40,
          "AttackHeight": 20,
          "WidthOffset": 0,
          "HeightOffset": 2,
          "Group": 1,
          "Damage": 7,
          "AttackHitStop": 9,
          "AttackHitStun": 24,
          "AttackType": 1,
          "BlockStun": 16.0,
          "KnockBack": 6.0,
          "AirKnockbackVertical": -0.5,
          "AirKnockbackHorizontal": 2.0,
          "Launches": true,
          "LaunchKnockbackVertical": -1.5,
          "LaunchKnockbackHorizontal": 2.0,
          "Pushback": 0.0,
          "ParticleXOffset": 20,
          "ParticleYOffset": 10,
          "ParticleEffect": "sHitEffect",
          "ParticleDuration": 5,
          "HoldXOffset": 0,
          "HoldYOffset": 0,
          "MeterGain": 4.0,
          "ComboScaling": 1.0,
          "CausesWallbounce": false
        },
        {
          "Start": 22,
          "Lifetime": 4,
          "AttackWidth": 40,
          "AttackHeight": 20,
          "WidthOffset": 0,
          "HeightOffset": 2,
          "Group": 2,
          "Damage": 7,
          "AttackHitStop": 16,
          "AttackHitStun": 15,
          "AttackType": 1,
          "BlockStun": 10.0,
          "KnockBack": 6.0,
          "AirKnockbackVertical": 0.0,
          "AirKnockbackHorizontal": 4.0,
          "Launches": false,
          "LaunchKnockbackVertical": 0.0,
          "LaunchKnockbackHorizontal": 0.0,
          "Pushback": 3.0,
          "ParticleXOffset": 20,
          "ParticleYOffset": 10,
          "ParticleEffect": "sHitEffect",
          "ParticleDuration": 5,
          "HoldXOffset": 0,
          "HoldYOffset": 0,
          "MeterGain": 4.0,
          "ComboScaling": 1.0,
          "CausesWallbounce": false
        }
      ],
      "CounterData": [
        {
          "CounterHitLevel": 3,
          "Group": 1,
          "Damage": 20,
          "MeterGain": 12.0,
          "AttackHitStop": 30,
          "AttackHitStun": 14,
          "KnockBack": 5.0,
          "AirKnockbackVertical": -2.0,
          "AirKnockbackHorizontal": 4.0,
          "Pushback": 0.0,
          "ParticleXOffset": 18,
          "ParticleYOffset": 10,
          "ParticleEffect": "sHitEffect",
          "ParticleDuration": 10,
          "Launches": true,
          "LaunchKnockbackVertical": -1.0,
          "LaunchKnockbackHorizontal": 5.0,
          "ComboScaling": 1.0,
          "CausesWallbounce": false
        },
        {
          "CounterHitLevel": 20,
          "Group": 2,
          "Damage": 20,
          "MeterGain": 12.0,
          "AttackHitStop": 30,
          "AttackHitStun": 14,
          "KnockBack": 5.0,
          "AirKnockbackVertical": -2.0,
          "AirKnockbackHorizontal": 4.0,
          "Pushback": 0.0,
          "ParticleXOffset": 18,
          "ParticleYOffset": 10,
          "ParticleEffect": "sHitEffect",
          "ParticleDuration": 10,
          "Launches": true,
          "LaunchKnockbackVertical": -1.0,
          "LaunchKnockbackHorizontal": 5.0,
          "ComboScaling": 1.0,
          "CausesWallbounce": false
        }
      ],
      "IsThrow": false,
      "OpponentPositionData": {
        "DistanceFromWall": 0.0,
        "ThrowOffset": 0,
        "NumberOfFrames": 0,
        "Frames": []
      },
      "NumberOfHurtboxes": 2,
      "HurtboxData": [
        {
          "Start": 8,
          "Lifetime": 5,
          "AttackWidth": 30,
          "AttackHeight": 20,
          "WidthOffset": 0,
          "HeightOffset": 2
        },
        {
          "Start": 22,
          "Lifetime": 6,
          "AttackWidth": 30,
          "AttackHeight": 20,
          "WidthOffset": 0,
          "HeightOffset": 2
        }
      ],
      "NumberOfProjectiles": 0,
      "ProjectileData": [],
      "RehitData": {
        "HitBox": 0,
        "NumberOfHits": 0,
        "HitOnFrames": []
      },
      "GroundMovementData": {
        "NumberOfWindows": 5,
        "Windows": [
          {
            "StartingFrame": 0,
            "HorizontalSpeed": 0.0,
            "VerticalSpeed": 0.0,
            "OverwriteVerticalSpeed": true,
            "OverwriteHorizontalSpeed": true
          },
          {
            "StartingFrame": 6,
            "HorizontalSpeed": 0.0,
            "VerticalSpeed": -1.5,
            "OverwriteVerticalSpeed": true,
            "OverwriteHorizontalSpeed": true
          },
          {
            "StartingFrame": 7,
            "HorizontalSpeed": 2.5,
            "VerticalSpeed": 0.0,
            "OverwriteVerticalSpeed": false,
            "OverwriteHorizontalSpeed": true
          },
          {
            "StartingFrame": 32,
            "HorizontalSpeed": -0.5,
            "VerticalSpeed": 0.0,
            "OverwriteVerticalSpeed": false,
            "OverwriteHorizontalSpeed": false
          },
          {
            "StartingFrame": 37,
            "HorizontalSpeed": 0.0,
            "VerticalSpeed": 0.0,
            "OverwriteVerticalSpeed": true,
            "OverwriteHorizontalSpeed": true
          }
        ],
        "GravityScale": 0.5,
        "FallScale": 0.5
      },
      "AirMovementData": {
        "NumberOfWindows": 5,
        "Windows": [
          {
            "StartingFrame": 0,
            "HorizontalSpeed": 0.0,
            "VerticalSpeed": 0.0,
            "OverwriteVerticalSpeed": true,
            "OverwriteHorizontalSpeed": true
          },
          {
            "StartingFrame": 6,
            "HorizontalSpeed": 0.0,
            "VerticalSpeed": -1.5,
            "OverwriteVerticalSpeed": true,
            "OverwriteHorizontalSpeed": false
          },
          {
            "StartingFrame": 7,
            "HorizontalSpeed": 2.5,
            "VerticalSpeed": 0.0,
            "OverwriteVerticalSpeed": false,
            "OverwriteHorizontalSpeed": true
          },
          {
            "StartingFrame": 32,
            "HorizontalSpeed": -0.5,
            "VerticalSpeed": 0.0,
            "OverwriteVerticalSpeed": false,
            "OverwriteHorizontalSpeed": false
          },
          {
            "StartingFrame": 37,
            "HorizontalSpeed": 0.0,
            "VerticalSpeed": 0.0,
            "OverwriteVerticalSpeed": false,
            "OverwriteHorizontalSpeed": false
          }
        ],
        "GravityScale": 0.5,
        "FallScale": 0.5
      },
      "SupplimentaryScript": ""
    },
    {
      "UID": "150230bc-e2a4-4d88-95ad-49e12dbdd02d",
      "MoveType": 32,
      "MoveCanCancelInto": 0,
      "SpriteName": "sBeverly_StandLight1_MOCKUP_strip3",
      "Duration": 7,
      "NumberOfFrames": 3,
      "FrameData": [
        {
          "Length": 1,
          "ImageIndex": 0
        },
        {
          "Length": 4,
          "ImageIndex": 1
        },
        {
          "Length": 6,
          "ImageIndex": 2
        }
      ],
      "NumberOfHitboxes": 1,
      "AttackData": [
        {
          "Start": 4,
          "Lifetime": 5,
          "AttackWidth": 15,
          "AttackHeight": 5,
          "WidthOffset": 12,
          "HeightOffset": 15,
          "Group": 1,
          "Damage": 3,
          "AttackHitStop": 6,
          "AttackHitStun": 9,
          "AttackType": 1,
          "BlockStun": 3.0,
          "KnockBack": 2.0,
          "AirKnockbackVertical": 0.0,
          "AirKnockbackHorizontal": 1.0,
          "Launches": false,
          "LaunchKnockbackVertical": 0.0,
          "LaunchKnockbackHorizontal": 0.0,
          "Pushback": 2.0,
          "ParticleXOffset": 0,
          "ParticleYOffset": 0,
          "ParticleEffect": "sSmallHitspark",
          "ParticleDuration": 5,
          "HoldXOffset": 0,
          "HoldYOffset": 0,
          "MeterGain": 4.0,
          "ComboScaling": 2.0,
          "CausesWallbounce": false
        }
      ],
      "CounterData": [
        {
          "CounterHitLevel": 1,
          "Group": 1,
          "Damage": 20,
          "MeterGain": 12.0,
          "AttackHitStop": 30,
          "AttackHitStun": 14,
          "KnockBack": 5.0,
          "AirKnockbackVertical": -2.0,
          "AirKnockbackHorizontal": 4.0,
          "Pushback": 0.0,
          "ParticleXOffset": 18,
          "ParticleYOffset": 10,
          "ParticleEffect": "sHitEffect",
          "ParticleDuration": 10,
          "Launches": true,
          "LaunchKnockbackVertical": -1.0,
          "LaunchKnockbackHorizontal": 5.0,
          "ComboScaling": 1.0,
          "CausesWallbounce": false
        }
      ],
      "IsThrow": false,
      "OpponentPositionData": {
        "DistanceFromWall": 0.0,
        "ThrowOffset": 0,
        "NumberOfFrames": 0,
        "Frames": []
      },
      "NumberOfHurtboxes": 1,
      "HurtboxData": [
        {
          "Start": 3,
          "Lifetime": 6,
          "AttackWidth": 20,
          "AttackHeight": 6,
          "WidthOffset": 4,
          "HeightOffset": 12
        }
      ],
      "NumberOfProjectiles": 0,
      "ProjectileData": [],
      "RehitData": {
        "HitBox": 0,
        "NumberOfHits": 0,
        "HitOnFrames": []
      },
      "GroundMovementData": {
        "NumberOfWindows": 0,
        "Windows": [],
        "GravityScale": 0.0,
        "FallScale": 0.0
      },
      "AirMovementData": {
        "NumberOfWindows": 0,
        "Windows": [],
        "GravityScale": 0.0,
        "FallScale": 0.0
      },
      "SupplimentaryScript": ""
    },
    {
      "UID": "39969ce0-55a8-4628-a404-8492204900e1",
      "MoveType": 64,
      "MoveCanCancelInto": 0,
      "SpriteName": "sBeverly_StandLight2_MOCKUP_strip3",
      "Duration": 14,
      "NumberOfFrames": 3,
      "FrameData": [
        {
          "Length": 0,
          "ImageIndex": 0
        },
        {
          "Length": 2,
          "ImageIndex": 1
        },
        {
          "Length": 6,
          "ImageIndex": 2
        }
      ],
      "NumberOfHitboxes": 1,
      "AttackData": [
        {
          "Start": 2,
          "Lifetime": 4,
          "AttackWidth": 17,
          "AttackHeight": 13,
          "WidthOffset": 6,
          "HeightOffset": 0,
          "Group": 1,
          "Damage": 3,
          "AttackHitStop": 10,
          "AttackHitStun": 14,
          "AttackType": 1,
          "BlockStun": 9.0,
          "KnockBack": 2.0,
          "AirKnockbackVertical": 0.0,
          "AirKnockbackHorizontal": 1.0,
          "Launches": false,
          "LaunchKnockbackVertical": 0.0,
          "LaunchKnockbackHorizontal": 0.0,
          "Pushback": 2.0,
          "ParticleXOffset": 3,
          "ParticleYOffset": 0,
          "ParticleEffect": "sSmallHitspark",
          "ParticleDuration": 5,
          "HoldXOffset": 0,
          "HoldYOffset": 0,
          "MeterGain": 4.0,
          "ComboScaling": 2.0,
          "CausesWallbounce": false
        }
      ],
      "CounterData": [
        {
          "CounterHitLevel": 1,
          "Group": 1,
          "Damage": 20,
          "MeterGain": 12.0,
          "AttackHitStop": 20,
          "AttackHitStun": 14,
          "KnockBack": 5.0,
          "AirKnockbackVertical": -2.0,
          "AirKnockbackHorizontal": 4.0,
          "Pushback": 0.0,
          "ParticleXOffset": 18,
          "ParticleYOffset": 10,
          "ParticleEffect": "sHitEffect",
          "ParticleDuration": 10,
          "Launches": false,
          "LaunchKnockbackVertical": -1.0,
          "LaunchKnockbackHorizontal": 0.0,
          "ComboScaling": 1.0,
          "CausesWallbounce": false
        }
      ],
      "IsThrow": false,
      "OpponentPositionData": {
        "DistanceFromWall": 0.0,
        "ThrowOffset": 0,
        "NumberOfFrames": 0,
        "Frames": []
      },
      "NumberOfHurtboxes": 1,
      "HurtboxData": [
        {
          "Start": 2,
          "Lifetime": 8,
          "AttackWidth": 16,
          "AttackHeight": 10,
          "WidthOffset": 4,
          "HeightOffset": 0
        }
      ],
      "NumberOfProjectiles": 0,
      "ProjectileData": [],
      "RehitData": {
        "HitBox": 0,
        "NumberOfHits": 0,
        "HitOnFrames": []
      },
      "GroundMovementData": {
        "NumberOfWindows": 0,
        "Windows": [],
        "GravityScale": 0.0,
        "FallScale": 0.0
      },
      "AirMovementData": {
        "NumberOfWindows": 0,
        "Windows": [],
        "GravityScale": 0.0,
        "FallScale": 0.0
      },
      "SupplimentaryScript": ""
    },
    {
      "UID": "68718318-582f-484f-85b8-a8b46471ea81",
      "MoveType": 128,
      "MoveCanCancelInto": 0,
      "SpriteName": "sBeverly_StandLight3_MOCKUP_strip3",
      "Duration": 22,
      "NumberOfFrames": 3,
      "FrameData": [
        {
          "Length": 3,
          "ImageIndex": 1
        },
        {
          "Length": 6,
          "ImageIndex": 2
        },
        {
          "Length": 9,
          "ImageIndex": 3
        }
      ],
      "NumberOfHitboxes": 1,
      "AttackData": [
        {
          "Start": 6,
          "Lifetime": 3,
          "AttackWidth": 20,
          "AttackHeight": 8,
          "WidthOffset": 3,
          "HeightOffset": 15,
          "Group": 1,
          "Damage": 3,
          "AttackHitStop": 14,
          "AttackHitStun": 14,
          "AttackType": 1,
          "BlockStun": 9.0,
          "KnockBack": 0.0,
          "AirKnockbackVertical": 0.0,
          "AirKnockbackHorizontal": 1.0,
          "Launches": true,
          "LaunchKnockbackVertical": 1.0,
          "LaunchKnockbackHorizontal": 3.0,
          "Pushback": 2.0,
          "ParticleXOffset": 10,
          "ParticleYOffset": 0,
          "ParticleEffect": "sHitEffect",
          "ParticleDuration": 5,
          "HoldXOffset": 0,
          "HoldYOffset": 0,
          "MeterGain": 4.0,
          "ComboScaling": 2.0,
          "CausesWallbounce": false
        }
      ],
      "CounterData": [
        {
          "CounterHitLevel": 1,
          "Group": 1,
          "Damage": 20,
          "MeterGain": 12.0,
          "AttackHitStop": 30,
          "AttackHitStun": 14,
          "KnockBack": 5.0,
          "AirKnockbackVertical": -2.0,
          "AirKnockbackHorizontal": 4.0,
          "Pushback": 0.0,
          "ParticleXOffset": 18,
          "ParticleYOffset": 10,
          "ParticleEffect": "sArcadeBackground",
          "ParticleDuration": 10,
          "Launches": true,
          "LaunchKnockbackVertical": 1.0,
          "LaunchKnockbackHorizontal": 5.0,
          "ComboScaling": 1.0,
          "CausesWallbounce": false
        }
      ],
      "IsThrow": false,
      "OpponentPositionData": {
        "DistanceFromWall": 0.0,
        "ThrowOffset": 0,
        "NumberOfFrames": 0,
        "Frames": []
      },
      "NumberOfHurtboxes": 1,
      "HurtboxData": [
        {
          "Start": 6,
          "Lifetime": 8,
          "AttackWidth": 10,
          "AttackHeight": 35,
          "WidthOffset": 4,
          "HeightOffset": 0
        }
      ],
      "NumberOfProjectiles": 0,
      "ProjectileData": [],
      "RehitData": {
        "HitBox": 0,
        "NumberOfHits": 0,
        "HitOnFrames": []
      },
      "GroundMovementData": {
        "NumberOfWindows": 0,
        "Windows": [],
        "GravityScale": 0.0,
        "FallScale": 0.0
      },
      "AirMovementData": {
        "NumberOfWindows": 0,
        "Windows": [],
        "GravityScale": 0.0,
        "FallScale": 0.0
      },
      "SupplimentaryScript": ""
    },
    {
      "UID": "4a32edd2-9506-46f2-ba64-e6a8dbaaa48f",
      "MoveType": 256,
      "MoveCanCancelInto": 0,
      "SpriteName": "sBeverly_StandMedium_MOCKUP_strip5",
      "Duration": 21,
      "NumberOfFrames": 5,
      "FrameData": [
        {
          "Length": 2,
          "ImageIndex": 1
        },
        {
          "Length": 5,
          "ImageIndex": 2
        },
        {
          "Length": 7,
          "ImageIndex": 3
        },
        {
          "Length": 13,
          "ImageIndex": 4
        },
        {
          "Length": 16,
          "ImageIndex": 5
        }
      ],
      "NumberOfHitboxes": 1,
      "AttackData": [
        {
          "Start": 7,
          "Lifetime": 4,
          "AttackWidth": 20,
          "AttackHeight": 8,
          "WidthOffset": 10,
          "HeightOffset": 10,
          "Group": 1,
          "Damage": 6,
          "AttackHitStop": 11,
          "AttackHitStun": 21,
          "AttackType": 1,
          "BlockStun": 16.0,
          "KnockBack": 4.0,
          "AirKnockbackVertical": -2.0,
          "AirKnockbackHorizontal": 2.0,
          "Launches": false,
          "LaunchKnockbackVertical": 0.0,
          "LaunchKnockbackHorizontal": 0.0,
          "Pushback": 2.0,
          "ParticleXOffset": 10,
          "ParticleYOffset": 0,
          "ParticleEffect": "sHitEffect",
          "ParticleDuration": 5,
          "HoldXOffset": 0,
          "HoldYOffset": 0,
          "MeterGain": 6.0,
          "ComboScaling": 1.0,
          "CausesWallbounce": false
        }
      ],
      "CounterData": [
        {
          "CounterHitLevel": 2,
          "Group": 1,
          "Damage": 20,
          "MeterGain": 12.0,
          "AttackHitStop": 30,
          "AttackHitStun": 14,
          "KnockBack": 5.0,
          "AirKnockbackVertical": -2.0,
          "AirKnockbackHorizontal": 4.0,
          "Pushback": 5.0,
          "ParticleXOffset": 18,
          "ParticleYOffset": 10,
          "ParticleEffect": "sHitEffect",
          "ParticleDuration": 10,
          "Launches": true,
          "LaunchKnockbackVertical": -1.0,
          "LaunchKnockbackHorizontal": 5.0,
          "ComboScaling": 1.0,
          "CausesWallbounce": false
        }
      ],
      "IsThrow": false,
      "OpponentPositionData": {
        "DistanceFromWall": 0.0,
        "ThrowOffset": 0,
        "NumberOfFrames": 0,
        "Frames": []
      },
      "NumberOfHurtboxes": 1,
      "HurtboxData": [
        {
          "Start": 5,
          "Lifetime": 13,
          "AttackWidth": 22,
          "AttackHeight": 6,
          "WidthOffset": 4,
          "HeightOffset": 10
        }
      ],
      "NumberOfProjectiles": 0,
      "ProjectileData": [],
      "RehitData": {
        "HitBox": 0,
        "NumberOfHits": 0,
        "HitOnFrames": []
      },
      "GroundMovementData": {
        "NumberOfWindows": 3,
        "Windows": [
          {
            "StartingFrame": 0,
            "HorizontalSpeed": 0.0,
            "VerticalSpeed": 0.0,
            "OverwriteVerticalSpeed": true,
            "OverwriteHorizontalSpeed": true
          },
          {
            "StartingFrame": 4,
            "HorizontalSpeed": 1.0,
            "VerticalSpeed": 0.0,
            "OverwriteVerticalSpeed": true,
            "OverwriteHorizontalSpeed": true
          },
          {
            "StartingFrame": 5,
            "HorizontalSpeed": 0.0,
            "VerticalSpeed": 0.0,
            "OverwriteVerticalSpeed": true,
            "OverwriteHorizontalSpeed": true
          }
        ],
        "GravityScale": 0.0,
        "FallScale": 0.0
      },
      "AirMovementData": {
        "NumberOfWindows": 0,
        "Windows": [],
        "GravityScale": 0.0,
        "FallScale": 0.0
      },
      "SupplimentaryScript": ""
    },
    {
      "UID": "8e403acc-1ddd-4663-84e0-c0e323676d8c",
      "MoveType": 512,
      "MoveCanCancelInto": 0,
      "SpriteName": "sBeverly_StandHeavy_MOCKUP_strip5",
      "Duration": 39,
      "NumberOfFrames": 5,
      "FrameData": [
        {
          "Length": 2,
          "ImageIndex": 1
        },
        {
          "Length": 6,
          "ImageIndex": 2
        },
        {
          "Length": 12,
          "ImageIndex": 3
        },
        {
          "Length": 15,
          "ImageIndex": 4
        },
        {
          "Length": 18,
          "ImageIndex": 5
        }
      ],
      "NumberOfHitboxes": 1,
      "AttackData": [
        {
          "Start": 12,
          "Lifetime": 5,
          "AttackWidth": 30,
          "AttackHeight": 20,
          "WidthOffset": -1,
          "HeightOffset": 0,
          "Group": 1,
          "Damage": 14,
          "AttackHitStop": 18,
          "AttackHitStun": 14,
          "AttackType": 1,
          "BlockStun": 20.0,
          "KnockBack": 5.0,
          "AirKnockbackVertical": -2.0,
          "AirKnockbackHorizontal": 3.0,
          "Launches": true,
          "LaunchKnockbackVertical": -1.0,
          "LaunchKnockbackHorizontal": 3.0,
          "Pushback": 3.0,
          "ParticleXOffset": 18,
          "ParticleYOffset": 10,
          "ParticleEffect": "sHitEffect",
          "ParticleDuration": 5,
          "HoldXOffset": 0,
          "HoldYOffset": 0,
          "MeterGain": 10.0,
          "ComboScaling": 1.0,
          "CausesWallbounce": false
        }
      ],
      "CounterData": [
        {
          "CounterHitLevel": 3,
          "Group": 1,
          "Damage": 20,
          "MeterGain": 12.0,
          "AttackHitStop": 30,
          "AttackHitStun": 14,
          "KnockBack": 5.0,
          "AirKnockbackVertical": -2.0,
          "AirKnockbackHorizontal": 4.0,
          "Pushback": 0.0,
          "ParticleXOffset": 10,
          "ParticleYOffset": 18,
          "ParticleEffect": "sHitEffect",
          "ParticleDuration": 10,
          "Launches": true,
          "LaunchKnockbackVertical": -1.0,
          "LaunchKnockbackHorizontal": 5.0,
          "ComboScaling": 1.0,
          "CausesWallbounce": false
        }
      ],
      "IsThrow": false,
      "OpponentPositionData": {
        "DistanceFromWall": 0.0,
        "ThrowOffset": 0,
        "NumberOfFrames": 0,
        "Frames": []
      },
      "NumberOfHurtboxes": 1,
      "HurtboxData": [
        {
          "Start": 12,
          "Lifetime": 19,
          "AttackWidth": 22,
          "AttackHeight": 30,
          "WidthOffset": -1,
          "HeightOffset": 0
        }
      ],
      "NumberOfProjectiles": 0,
      "ProjectileData": [],
      "RehitData": {
        "HitBox": 0,
        "NumberOfHits": 0,
        "HitOnFrames": []
      },
      "GroundMovementData": {
        "NumberOfWindows": 3,
        "Windows": [
          {
            "StartingFrame": 0,
            "HorizontalSpeed": 0.0,
            "VerticalSpeed": 0.0,
            "OverwriteVerticalSpeed": true,
            "OverwriteHorizontalSpeed": true
          },
          {
            "StartingFrame": 12,
            "HorizontalSpeed": 12.0,
            "VerticalSpeed": 0.0,
            "OverwriteVerticalSpeed": true,
            "OverwriteHorizontalSpeed": true
          },
          {
            "StartingFrame": 13,
            "HorizontalSpeed": 0.0,
            "VerticalSpeed": 0.0,
            "OverwriteVerticalSpeed": true,
            "OverwriteHorizontalSpeed": true
          }
        ],
        "GravityScale": 0.0,
        "FallScale": 0.0
      },
      "AirMovementData": {
        "NumberOfWindows": 0,
        "Windows": [],
        "GravityScale": 0.0,
        "FallScale": 0.0
      },
      "SupplimentaryScript": ""
    },
    {
      "UID": "e1b610d0-50bf-4ce8-a949-ce5a17ba2d0b",
      "MoveType": 1024,
      "MoveCanCancelInto": 0,
      "SpriteName": "sBeverly_CrouchLight_MOCKUP_strip4",
      "Duration": 9,
      "NumberOfFrames": 4,
      "FrameData": [
        {
          "Length": 2,
          "ImageIndex": 1
        },
        {
          "Length": 4,
          "ImageIndex": 2
        },
        {
          "Length": 6,
          "ImageIndex": 3
        },
        {
          "Length": 8,
          "ImageIndex": 3
        }
      ],
      "NumberOfHitboxes": 1,
      "AttackData": [
        {
          "Start": 4,
          "Lifetime": 2,
          "AttackWidth": 20,
          "AttackHeight": 5,
          "WidthOffset": 8,
          "HeightOffset": 0,
          "Group": 1,
          "Damage": 4,
          "AttackHitStop": 6,
          "AttackHitStun": 11,
          "AttackType": 2,
          "BlockStun": 6.0,
          "KnockBack": 2.0,
          "AirKnockbackVertical": -2.0,
          "AirKnockbackHorizontal": 1.0,
          "Launches": false,
          "LaunchKnockbackVertical": 0.0,
          "LaunchKnockbackHorizontal": 0.0,
          "Pushback": 1.0,
          "ParticleXOffset": 5,
          "ParticleYOffset": 0,
          "ParticleEffect": "sSmallHitspark",
          "ParticleDuration": 5,
          "HoldXOffset": 0,
          "HoldYOffset": 0,
          "MeterGain": 4.0,
          "ComboScaling": 2.0,
          "CausesWallbounce": false
        }
      ],
      "CounterData": [
        {
          "CounterHitLevel": 1,
          "Group": 1,
          "Damage": 20,
          "MeterGain": 12.0,
          "AttackHitStop": 30,
          "AttackHitStun": 14,
          "KnockBack": 5.0,
          "AirKnockbackVertical": -2.0,
          "AirKnockbackHorizontal": 4.0,
          "Pushback": 0.0,
          "ParticleXOffset": 18,
          "ParticleYOffset": 10,
          "ParticleEffect": "sHitEffect",
          "ParticleDuration": 10,
          "Launches": false,
          "LaunchKnockbackVertical": 0.0,
          "LaunchKnockbackHorizontal": 0.0,
          "ComboScaling": 1.0,
          "CausesWallbounce": false
        }
      ],
      "IsThrow": false,
      "OpponentPositionData": {
        "DistanceFromWall": 0.0,
        "ThrowOffset": 0,
        "NumberOfFrames": 0,
        "Frames": []
      },
      "NumberOfHurtboxes": 1,
      "HurtboxData": [
        {
          "Start": 4,
          "Lifetime": 4,
          "AttackWidth": 25,
          "AttackHeight": 10,
          "WidthOffset": 4,
          "HeightOffset": 0
        }
      ],
      "NumberOfProjectiles": 0,
      "ProjectileData": [],
      "RehitData": {
        "HitBox": 0,
        "NumberOfHits": 0,
        "HitOnFrames": []
      },
      "GroundMovementData": {
        "NumberOfWindows": 0,
        "Windows": [],
        "GravityScale": 0.0,
        "FallScale": 0.0
      },
      "AirMovementData": {
        "NumberOfWindows": 0,
        "Windows": [],
        "GravityScale": 0.0,
        "FallScale": 0.0
      },
      "SupplimentaryScript": ""
    },
    {
      "UID": "92e06525-08fd-4a6b-944a-a126c1911d81",
      "MoveType": 2048,
      "MoveCanCancelInto": 0,
      "SpriteName": "sBeverly_CrouchMedium_MOCKUP_strip4",
      "Duration": 24,
      "NumberOfFrames": 4,
      "FrameData": [
        {
          "Length": 3,
          "ImageIndex": 1
        },
        {
          "Length": 7,
          "ImageIndex": 2
        },
        {
          "Length": 10,
          "ImageIndex": 3
        },
        {
          "Length": 18,
          "ImageIndex": 4
        }
      ],
      "NumberOfHitboxes": 1,
      "AttackData": [
        {
          "Start": 7,
          "Lifetime": 2,
          "AttackWidth": 13,
          "AttackHeight": 10,
          "WidthOffset": 13,
          "HeightOffset": 0,
          "Group": 1,
          "Damage": 10,
          "AttackHitStop": 11,
          "AttackHitStun": 18,
          "AttackType": 2,
          "BlockStun": 12.0,
          "KnockBack": 4.0,
          "AirKnockbackVertical": 1.0,
          "AirKnockbackHorizontal": 1.0,
          "Launches": false,
          "LaunchKnockbackVertical": 0.0,
          "LaunchKnockbackHorizontal": 0.0,
          "Pushback": 2.0,
          "ParticleXOffset": 1,
          "ParticleYOffset": 0,
          "ParticleEffect": "sHitEffect",
          "ParticleDuration": 5,
          "HoldXOffset": 0,
          "HoldYOffset": 0,
          "MeterGain": 8.0,
          "ComboScaling": 2.0,
          "CausesWallbounce": false
        }
      ],
      "CounterData": [
        {
          "CounterHitLevel": 2,
          "Group": 1,
          "Damage": 20,
          "MeterGain": 12.0,
          "AttackHitStop": 30,
          "AttackHitStun": 14,
          "KnockBack": 5.0,
          "AirKnockbackVertical": 1.0,
          "AirKnockbackHorizontal": 1.0,
          "Pushback": 0.0,
          "ParticleXOffset": 18,
          "ParticleYOffset": 10,
          "ParticleEffect": "sHitEffect",
          "ParticleDuration": 10,
          "Launches": false,
          "LaunchKnockbackVertical": 0.0,
          "LaunchKnockbackHorizontal": 0.0,
          "ComboScaling": 1.0,
          "CausesWallbounce": false
        }
      ],
      "IsThrow": false,
      "OpponentPositionData": {
        "DistanceFromWall": 0.0,
        "ThrowOffset": 0,
        "NumberOfFrames": 0,
        "Frames": []
      },
      "NumberOfHurtboxes": 1,
      "HurtboxData": [
        {
          "Start": 5,
          "Lifetime": 13,
          "AttackWidth": 15,
          "AttackHeight": 10,
          "WidthOffset": 4,
          "HeightOffset": 0
        }
      ],
      "NumberOfProjectiles": 0,
      "ProjectileData": [],
      "RehitData": {
        "HitBox": 0,
        "NumberOfHits": 0,
        "HitOnFrames": []
      },
      "GroundMovementData": {
        "NumberOfWindows": 0,
        "Windows": [],
        "GravityScale": 0.0,
        "FallScale": 0.0
      },
      "AirMovementData": {
        "NumberOfWindows": 0,
        "Windows": [],
        "GravityScale": 0.0,
        "FallScale": 0.0
      },
      "SupplimentaryScript": ""
    },
    {
      "UID": "1db3ebc9-02fa-4b83-8763-adfe9e24d63d",
      "MoveType": 4096,
      "MoveCanCancelInto": 0,
      "SpriteName": "sBeverly_CrouchHeavy_MOCKUP_strip9",
      "Duration": 34,
      "NumberOfFrames": 9,
      "FrameData": [
        {
          "Length": 1,
          "ImageIndex": 1
        },
        {
          "Length": 5,
          "ImageIndex": 2
        },
        {
          "Length": 7,
          "ImageIndex": 3
        },
        {
          "Length": 9,
          "ImageIndex": 4
        },
        {
          "Length": 11,
          "ImageIndex": 5
        },
        {
          "Length": 22,
          "ImageIndex": 6
        },
        {
          "Length": 26,
          "ImageIndex": 7
        },
        {
          "Length": 28,
          "ImageIndex": 8
        },
        {
          "Length": 30,
          "ImageIndex": 9
        }
      ],
      "NumberOfHitboxes": 2,
      "AttackData": [
        {
          "Start": 8,
          "Lifetime": 1,
          "AttackWidth": 15,
          "AttackHeight": 5,
          "WidthOffset": 8,
          "HeightOffset": 0,
          "Group": 1,
          "Damage": 4,
          "AttackHitStop": 14,
          "AttackHitStun": 11,
          "AttackType": 2,
          "BlockStun": 8.0,
          "KnockBack": 0.0,
          "AirKnockbackVertical": -1.0,
          "AirKnockbackHorizontal": 0.0,
          "Launches": false,
          "LaunchKnockbackVertical": 0.0,
          "LaunchKnockbackHorizontal": 0.0,
          "Pushback": 1.0,
          "ParticleXOffset": 20,
          "ParticleYOffset": 20,
          "ParticleEffect": "sHitEffect",
          "ParticleDuration": 5,
          "HoldXOffset": 0,
          "HoldYOffset": 0,
          "MeterGain": 4.0,
          "ComboScaling": 1.0,
          "CausesWallbounce": false
        },
        {
          "Start": 11,
          "Lifetime": 2,
          "AttackWidth": 30,
          "AttackHeight": 5,
          "WidthOffset": 8,
          "HeightOffset": 0,
          "Group": 2,
          "Damage": 5,
          "AttackHitStop": 14,
          "AttackHitStun": 11,
          "AttackType": 2,
          "BlockStun": 8.0,
          "KnockBack": 2.0,
          "AirKnockbackVertical": -2.0,
          "AirKnockbackHorizontal": 1.0,
          "Launches": true,
          "LaunchKnockbackVertical": -1.0,
          "LaunchKnockbackHorizontal": 1.0,
          "Pushback": 4.0,
          "ParticleXOffset": 20,
          "ParticleYOffset": 10,
          "ParticleEffect": "sHitEffect",
          "ParticleDuration": 5,
          "HoldXOffset": 0,
          "HoldYOffset": 0,
          "MeterGain": 8.0,
          "ComboScaling": 2.0,
          "CausesWallbounce": false
        }
      ],
      "CounterData": [
        {
          "CounterHitLevel": 3,
          "Group": 1,
          "Damage": 10,
          "MeterGain": 7.0,
          "AttackHitStop": 20,
          "AttackHitStun": 14,
          "KnockBack": 1.0,
          "AirKnockbackVertical": 0.0,
          "AirKnockbackHorizontal": 0.0,
          "Pushback": 0.0,
          "ParticleXOffset": 18,
          "ParticleYOffset": 18,
          "ParticleEffect": "sHitbox",
          "ParticleDuration": 10,
          "Launches": false,
          "LaunchKnockbackVertical": 0.0,
          "LaunchKnockbackHorizontal": 0.0,
          "ComboScaling": 1.0,
          "CausesWallbounce": false
        },
        {
          "CounterHitLevel": 3,
          "Group": 2,
          "Damage": 20,
          "MeterGain": 8.0,
          "AttackHitStop": 20,
          "AttackHitStun": 25,
          "KnockBack": 5.0,
          "AirKnockbackVertical": -3.0,
          "AirKnockbackHorizontal": 0.5,
          "Pushback": 0.0,
          "ParticleXOffset": 18,
          "ParticleYOffset": 10,
          "ParticleEffect": "sHitEffect",
          "ParticleDuration": 10,
          "Launches": true,
          "LaunchKnockbackVertical": -3.0,
          "LaunchKnockbackHorizontal": 0.5,
          "ComboScaling": 1.0,
          "CausesWallbounce": false
        }
      ],
      "IsThrow": false,
      "OpponentPositionData": {
        "DistanceFromWall": 0.0,
        "ThrowOffset": 0,
        "NumberOfFrames": 0,
        "Frames": []
      },
      "NumberOfHurtboxes": 2,
      "HurtboxData": [
        {
          "Start": 9,
          "Lifetime": 3,
          "AttackWidth": 40,
          "AttackHeight": 15,
          "WidthOffset": -1,
          "HeightOffset": 0
        },
        {
          "Start": 0,
          "Lifetime": 0,
          "AttackWidth": 0,
          "AttackHeight": 0,
          "WidthOffset": 0,
          "HeightOffset": 0
        }
      ],
      "NumberOfProjectiles": 0,
      "ProjectileData": [],
      "RehitData": {
        "HitBox": 0,
        "NumberOfHits": 0,
        "HitOnFrames": []
      },
      "GroundMovementData": {
        "NumberOfWindows": 0,
        "Windows": [],
        "GravityScale": 0.0,
        "FallScale": 0.0
      },
      "AirMovementData": {
        "NumberOfWindows": 0,
        "Windows": [],
        "GravityScale": 0.0,
        "FallScale": 0.0
      },
      "SupplimentaryScript": ""
    },
    {
      "UID": "582c0fc1-6201-412e-ba98-71632ad4f9ea",
      "MoveType": 8192,
      "MoveCanCancelInto": 0,
      "SpriteName": "sBeverly_JumpLight_Mockup_strip3",
      "Duration": 10,
      "NumberOfFrames": 3,
      "FrameData": [
        {
          "Length": 4,
          "ImageIndex": 0
        },
        {
          "Length": 6,
          "ImageIndex": 1
        },
        {
          "Length": 8,
          "ImageIndex": 2
        }
      ],
      "NumberOfHitboxes": 1,
      "AttackData": [
        {
          "Start": 6,
          "Lifetime": 20,
          "AttackWidth": 12,
          "AttackHeight": 12,
          "WidthOffset": 6,
          "HeightOffset": 8,
          "Group": 1,
          "Damage": 5,
          "AttackHitStop": 6,
          "AttackHitStun": 7,
          "AttackType": 0,
          "BlockStun": 3.0,
          "KnockBack": 2.0,
          "AirKnockbackVertical": 0.0,
          "AirKnockbackHorizontal": 1.0,
          "Launches": false,
          "LaunchKnockbackVertical": 0.0,
          "LaunchKnockbackHorizontal": 0.0,
          "Pushback": 1.0,
          "ParticleXOffset": 0,
          "ParticleYOffset": 0,
          "ParticleEffect": "sSmallHitspark",
          "ParticleDuration": 5,
          "HoldXOffset": 0,
          "HoldYOffset": 0,
          "MeterGain": 4.0,
          "ComboScaling": 3.0,
          "CausesWallbounce": false
        }
      ],
      "CounterData": [
        {
          "CounterHitLevel": 1,
          "Group": 1,
          "Damage": 20,
          "MeterGain": 12.0,
          "AttackHitStop": 30,
          "AttackHitStun": 14,
          "KnockBack": 5.0,
          "AirKnockbackVertical": -2.0,
          "AirKnockbackHorizontal": 4.0,
          "Pushback": 0.0,
          "ParticleXOffset": 18,
          "ParticleYOffset": 10,
          "ParticleEffect": "sHitEffect",
          "ParticleDuration": 10,
          "Launches": true,
          "LaunchKnockbackVertical": -1.0,
          "LaunchKnockbackHorizontal": 5.0,
          "ComboScaling": 1.0,
          "CausesWallbounce": false
        }
      ],
      "IsThrow": false,
      "OpponentPositionData": {
        "DistanceFromWall": 0.0,
        "ThrowOffset": 0,
        "NumberOfFrames": 0,
        "Frames": []
      },
      "NumberOfHurtboxes": 1,
      "HurtboxData": [
        {
          "Start": 3,
          "Lifetime": 20,
          "AttackWidth": 36,
          "AttackHeight": 20,
          "WidthOffset": -18,
          "HeightOffset": 6
        }
      ],
      "NumberOfProjectiles": 0,
      "ProjectileData": [],
      "RehitData": {
        "HitBox": 0,
        "NumberOfHits": 0,
        "HitOnFrames": []
      },
      "GroundMovementData": {
        "NumberOfWindows": 0,
        "Windows": [],
        "GravityScale": 0.0,
        "FallScale": 0.0
      },
      "AirMovementData": {
        "NumberOfWindows": 0,
        "Windows": [],
        "GravityScale": 0.0,
        "FallScale": 0.0
      },
      "SupplimentaryScript": ""
    },
    {
      "UID": "e6c5fb56-1fdf-412a-806b-231ab79057b8",
      "MoveType": 16384,
      "MoveCanCancelInto": 0,
      "SpriteName": "sBeverly_JumpMedium_Mockup_strip6",
      "Duration": 27,
      "NumberOfFrames": 6,
      "FrameData": [
        {
          "Length": 4,
          "ImageIndex": 1
        },
        {
          "Length": 6,
          "ImageIndex": 2
        },
        {
          "Length": 9,
          "ImageIndex": 3
        },
        {
          "Length": 15,
          "ImageIndex": 4
        },
        {
          "Length": 18,
          "ImageIndex": 5
        },
        {
          "Length": 21,
          "ImageIndex": 6
        }
      ],
      "NumberOfHitboxes": 1,
      "AttackData": [
        {
          "Start": 9,
          "Lifetime": 6,
          "AttackWidth": 32,
          "AttackHeight": 12,
          "WidthOffset": -6,
          "HeightOffset": 5,
          "Group": 1,
          "Damage": 8,
          "AttackHitStop": 8,
          "AttackHitStun": 10,
          "AttackType": 0,
          "BlockStun": 6.0,
          "KnockBack": 4.0,
          "AirKnockbackVertical": -2.0,
          "AirKnockbackHorizontal": 2.0,
          "Launches": false,
          "LaunchKnockbackVertical": 0.0,
          "LaunchKnockbackHorizontal": 0.0,
          "Pushback": 2.0,
          "ParticleXOffset": 10,
          "ParticleYOffset": 0,
          "ParticleEffect": "sHitEffect",
          "ParticleDuration": 5,
          "HoldXOffset": 0,
          "HoldYOffset": 0,
          "MeterGain": 6.0,
          "ComboScaling": 2.0,
          "CausesWallbounce": false
        }
      ],
      "CounterData": [
        {
          "CounterHitLevel": 2,
          "Group": 1,
          "Damage": 20,
          "MeterGain": 12.0,
          "AttackHitStop": 30,
          "AttackHitStun": 14,
          "KnockBack": 5.0,
          "AirKnockbackVertical": -2.0,
          "AirKnockbackHorizontal": 4.0,
          "Pushback": 0.0,
          "ParticleXOffset": 18,
          "ParticleYOffset": 10,
          "ParticleEffect": "sHitEffect",
          "ParticleDuration": 10,
          "Launches": true,
          "LaunchKnockbackVertical": -1.0,
          "LaunchKnockbackHorizontal": 5.0,
          "ComboScaling": 1.0,
          "CausesWallbounce": false
        }
      ],
      "IsThrow": false,
      "OpponentPositionData": {
        "DistanceFromWall": 0.0,
        "ThrowOffset": 0,
        "NumberOfFrames": 0,
        "Frames": []
      },
      "NumberOfHurtboxes": 1,
      "HurtboxData": [
        {
          "Start": 8,
          "Lifetime": 13,
          "AttackWidth": 34,
          "AttackHeight": 15,
          "WidthOffset": -6,
          "HeightOffset": 5
        }
      ],
      "NumberOfProjectiles": 0,
      "ProjectileData": [],
      "RehitData": {
        "HitBox": 0,
        "NumberOfHits": 0,
        "HitOnFrames": []
      },
      "GroundMovementData": {
        "NumberOfWindows": 0,
        "Windows": [],
        "GravityScale": 0.0,
        "FallScale": 0.0
      },
      "AirMovementData": {
        "NumberOfWindows": 0,
        "Windows": [],
        "GravityScale": 0.0,
        "FallScale": 0.0
      },
      "SupplimentaryScript": ""
    },
    {
      "UID": "ac2d45da-5d08-4b27-8439-c525b63a7b13",
      "MoveType": 32768,
      "MoveCanCancelInto": 0,
      "SpriteName": "sBeverly_JumpHeavy_Mockup_strip6",
      "Duration": 30,
      "NumberOfFrames": 6,
      "FrameData": [
        {
          "Length": 6,
          "ImageIndex": 1
        },
        {
          "Length": 13,
          "ImageIndex": 2
        },
        {
          "Length": 15,
          "ImageIndex": 3
        },
        {
          "Length": 18,
          "ImageIndex": 4
        },
        {
          "Length": 19,
          "ImageIndex": 5
        },
        {
          "Length": 21,
          "ImageIndex": 6
        }
      ],
      "NumberOfHitboxes": 2,
      "AttackData": [
        {
          "Start": 12,
          "Lifetime": 3,
          "AttackWidth": 25,
          "AttackHeight": 10,
          "WidthOffset": 0,
          "HeightOffset": 5,
          "Group": 1,
          "Damage": 7,
          "AttackHitStop": 11,
          "AttackHitStun": 14,
          "AttackType": 0,
          "BlockStun": 3.0,
          "KnockBack": 1.0,
          "AirKnockbackVertical": -0.5,
          "AirKnockbackHorizontal": 0.0,
          "Launches": false,
          "LaunchKnockbackVertical": 0.0,
          "LaunchKnockbackHorizontal": 0.0,
          "Pushback": 2.0,
          "ParticleXOffset": 10,
          "ParticleYOffset": 0,
          "ParticleEffect": "sHitEffect",
          "ParticleDuration": 5,
          "HoldXOffset": 0,
          "HoldYOffset": 0,
          "MeterGain": 4.0,
          "ComboScaling": 2.0,
          "CausesWallbounce": false
        },
        {
          "Start": 19,
          "Lifetime": 3,
          "AttackWidth": 25,
          "AttackHeight": 10,
          "WidthOffset": 5,
          "HeightOffset": 5,
          "Group": 2,
          "Damage": 8,
          "AttackHitStop": 11,
          "AttackHitStun": 14,
          "AttackType": 0,
          "BlockStun": 3.0,
          "KnockBack": 4.0,
          "AirKnockbackVertical": -1.0,
          "AirKnockbackHorizontal": 2.0,
          "Launches": true,
          "LaunchKnockbackVertical": 0.0,
          "LaunchKnockbackHorizontal": 1.0,
          "Pushback": 2.0,
          "ParticleXOffset": 10,
          "ParticleYOffset": 0,
          "ParticleEffect": "sHitEffect",
          "ParticleDuration": 5,
          "HoldXOffset": 0,
          "HoldYOffset": 0,
          "MeterGain": 6.0,
          "ComboScaling": 2.0,
          "CausesWallbounce": false
        }
      ],
      "CounterData": [
        {
          "CounterHitLevel": 3,
          "Group": 1,
          "Damage": 10,
          "MeterGain": 8.0,
          "AttackHitStop": 30,
          "AttackHitStun": 14,
          "KnockBack": 5.0,
          "AirKnockbackVertical": 0.0,
          "AirKnockbackHorizontal": 0.0,
          "Pushback": 0.0,
          "ParticleXOffset": 18,
          "ParticleYOffset": 10,
          "ParticleEffect": "sHitEffect",
          "ParticleDuration": 0,
          "Launches": false,
          "LaunchKnockbackVertical": 0.0,
          "LaunchKnockbackHorizontal": 0.0,
          "ComboScaling": 1.0,
          "CausesWallbounce": false
        },
        {
          "CounterHitLevel": 3,
          "Group": 2,
          "Damage": 12,
          "MeterGain": 9.0,
          "AttackHitStop": 30,
          "AttackHitStun": 14,
          "KnockBack": 5.0,
          "AirKnockbackVertical": 1.0,
          "AirKnockbackHorizontal": 4.0,
          "Pushback": 0.0,
          "ParticleXOffset": 18,
          "ParticleYOffset": 10,
          "ParticleEffect": "sHitEffect",
          "ParticleDuration": 10,
          "Launches": true,
          "LaunchKnockbackVertical": 1.0,
          "LaunchKnockbackHorizontal": 5.0,
          "ComboScaling": 1.0,
          "CausesWallbounce": false
        }
      ],
      "IsThrow": false,
      "OpponentPositionData": {
        "DistanceFromWall": 0.0,
        "ThrowOffset": 0,
        "NumberOfFrames": 0,
        "Frames": []
      },
      "NumberOfHurtboxes": 1,
      "HurtboxData": [
        {
          "Start": 12,
          "Lifetime": 20,
          "AttackWidth": 25,
          "AttackHeight": 10,
          "WidthOffset": -3,
          "HeightOffset": 4
        }
      ],
      "NumberOfProjectiles": 0,
      "ProjectileData": [],
      "RehitData": {
        "HitBox": 0,
        "NumberOfHits": 0,
        "HitOnFrames": []
      },
      "GroundMovementData": {
        "NumberOfWindows": 0,
        "Windows": [],
        "GravityScale": 0.0,
        "FallScale": 0.0
      },
      "AirMovementData": {
        "NumberOfWindows": 0,
        "Windows": [],
        "GravityScale": 0.0,
        "FallScale": 0.0
      },
      "SupplimentaryScript": ""
    },
    {
      "UID": "7316822a-00ef-464c-94a0-875d7db960c9",
      "MoveType": 65536,
      "MoveCanCancelInto": 0,
      "SpriteName": "sBeverly_UpSpecial_MOCKUP_strip5",
      "Duration": 50,
      "NumberOfFrames": 6,
      "FrameData": [
        {
          "Length": 4,
          "ImageIndex": 0
        },
        {
          "Length": 8,
          "ImageIndex": 1
        },
        {
          "Length": 26,
          "ImageIndex": 2
        },
        {
          "Length": 35,
          "ImageIndex": 3
        },
        {
          "Length": 40,
          "ImageIndex": 4
        },
        {
          "Length": 49,
          "ImageIndex": 5
        }
      ],
      "NumberOfHitboxes": 2,
      "AttackData": [
        {
          "Start": 8,
          "Lifetime": 4,
          "AttackWidth": 30,
          "AttackHeight": 30,
          "WidthOffset": 0,
          "HeightOffset": 2,
          "Group": 1,
          "Damage": 7,
          "AttackHitStop": 9,
          "AttackHitStun": 24,
          "AttackType": 1,
          "BlockStun": 16.0,
          "KnockBack": 6.0,
          "AirKnockbackVertical": -2.0,
          "AirKnockbackHorizontal": 2.0,
          "Launches": true,
          "LaunchKnockbackVertical": -3.0,
          "LaunchKnockbackHorizontal": 2.0,
          "Pushback": 0.0,
          "ParticleXOffset": 20,
          "ParticleYOffset": 10,
          "ParticleEffect": "sHitEffect",
          "ParticleDuration": 5,
          "HoldXOffset": 0,
          "HoldYOffset": 0,
          "MeterGain": 4.0,
          "ComboScaling": 1.0,
          "CausesWallbounce": false
        },
        {
          "Start": 16,
          "Lifetime": 18,
          "AttackWidth": 35,
          "AttackHeight": 15,
          "WidthOffset": 0,
          "HeightOffset": 9,
          "Group": 1,
          "Damage": 7,
          "AttackHitStop": 16,
          "AttackHitStun": 15,
          "AttackType": 1,
          "BlockStun": 12.0,
          "KnockBack": 6.0,
          "AirKnockbackVertical": -2.0,
          "AirKnockbackHorizontal": 2.0,
          "Launches": true,
          "LaunchKnockbackVertical": -2.0,
          "LaunchKnockbackHorizontal": 1.0,
          "Pushback": 3.0,
          "ParticleXOffset": 20,
          "ParticleYOffset": 10,
          "ParticleEffect": "sHitEffect",
          "ParticleDuration": 5,
          "HoldXOffset": 0,
          "HoldYOffset": 0,
          "MeterGain": 4.0,
          "ComboScaling": 1.0,
          "CausesWallbounce": false
        }
      ],
      "CounterData": [
        {
          "CounterHitLevel": 3,
          "Group": 2,
          "Damage": 20,
          "MeterGain": 12.0,
          "AttackHitStop": 30,
          "AttackHitStun": 14,
          "KnockBack": 5.0,
          "AirKnockbackVertical": -2.0,
          "AirKnockbackHorizontal": 4.0,
          "Pushback": 3.0,
          "ParticleXOffset": 18,
          "ParticleYOffset": 10,
          "ParticleEffect": "sHitEffect",
          "ParticleDuration": 10,
          "Launches": true,
          "LaunchKnockbackVertical": -1.0,
          "LaunchKnockbackHorizontal": 5.0,
          "ComboScaling": 1.0,
          "CausesWallbounce": false
        },
        {
          "CounterHitLevel": 2,
          "Group": 1,
          "Damage": 20,
          "MeterGain": 12.0,
          "AttackHitStop": 30,
          "AttackHitStun": 14,
          "KnockBack": 5.0,
          "AirKnockbackVertical": -2.0,
          "AirKnockbackHorizontal": 4.0,
          "Pushback": 3.0,
          "ParticleXOffset": 18,
          "ParticleYOffset": 10,
          "ParticleEffect": "sHitEffect",
          "ParticleDuration": 10,
          "Launches": true,
          "LaunchKnockbackVertical": -1.0,
          "LaunchKnockbackHorizontal": 5.0,
          "ComboScaling": 1.0,
          "CausesWallbounce": false
        }
      ],
      "IsThrow": false,
      "OpponentPositionData": {
        "DistanceFromWall": 0.0,
        "ThrowOffset": 0,
        "NumberOfFrames": 0,
        "Frames": []
      },
      "NumberOfHurtboxes": 2,
      "HurtboxData": [
        {
          "Start": 8,
          "Lifetime": 6,
          "AttackWidth": 30,
          "AttackHeight": 20,
          "WidthOffset": 0,
          "HeightOffset": 2
        },
        {
          "Start": 26,
          "Lifetime": 6,
          "AttackWidth": 30,
          "AttackHeight": 20,
          "WidthOffset": 0,
          "HeightOffset": 2
        }
      ],
      "NumberOfProjectiles": 0,
      "ProjectileData": [],
      "RehitData": {
        "HitBox": 0,
        "NumberOfHits": 0,
        "HitOnFrames": []
      },
      "GroundMovementData": {
        "NumberOfWindows": 3,
        "Windows": [
          {
            "StartingFrame": 0,
            "HorizontalSpeed": 0.0,
            "VerticalSpeed": 0.0,
            "OverwriteVerticalSpeed": true,
            "OverwriteHorizontalSpeed": false
          },
          {
            "StartingFrame": 10,
            "HorizontalSpeed": 0.0,
            "VerticalSpeed": -6.0,
            "OverwriteVerticalSpeed": true,
            "OverwriteHorizontalSpeed": true
          },
          {
            "StartingFrame": 11,
            "HorizontalSpeed": 1.0,
            "VerticalSpeed": 0.0,
            "OverwriteVerticalSpeed": false,
            "OverwriteHorizontalSpeed": true
          }
        ],
        "GravityScale": 1.5,
        "FallScale": 0.5
      },
      "AirMovementData": {
        "NumberOfWindows": 3,
        "Windows": [
          {
            "StartingFrame": 0,
            "HorizontalSpeed": 0.0,
            "VerticalSpeed": 0.0,
            "OverwriteVerticalSpeed": true,
            "OverwriteHorizontalSpeed": false
          },
          {
            "StartingFrame": 10,
            "HorizontalSpeed": 0.0,
            "VerticalSpeed": -6.0,
            "OverwriteVerticalSpeed": true,
            "OverwriteHorizontalSpeed": true
          },
          {
            "StartingFrame": 11,
            "HorizontalSpeed": 1.0,
            "VerticalSpeed": 0.0,
            "OverwriteVerticalSpeed": false,
            "OverwriteHorizontalSpeed": true
          }
        ],
        "GravityScale": 1.5,
        "FallScale": 0.5000001
      },
      "SupplimentaryScript": ""
    },
    {
      "UID": "4014c4eb-f2e9-4750-9633-50f3736dc021",
      "MoveType": 131072,
      "MoveCanCancelInto": 0,
      "SpriteName": "sBeverly_downSpecial_MOCKUP_strip5",
      "Duration": 30,
      "NumberOfFrames": 6,
      "FrameData": [
        {
          "Length": 2,
          "ImageIndex": 0
        },
        {
          "Length": 4,
          "ImageIndex": 1
        },
        {
          "Length": 8,
          "ImageIndex": 2
        },
        {
          "Length": 12,
          "ImageIndex": 3
        },
        {
          "Length": 23,
          "ImageIndex": 4
        },
        {
          "Length": 29,
          "ImageIndex": 5
        }
      ],
      "NumberOfHitboxes": 2,
      "AttackData": [
        {
          "Start": 8,
          "Lifetime": 4,
          "AttackWidth": 23,
          "AttackHeight": 20,
          "WidthOffset": 0,
          "HeightOffset": 2,
          "Group": 1,
          "Damage": 15,
          "AttackHitStop": 10,
          "AttackHitStun": 19,
          "AttackType": 1,
          "BlockStun": 10.0,
          "KnockBack": 1.0,
          "AirKnockbackVertical": -3.0,
          "AirKnockbackHorizontal": 1.0,
          "Launches": true,
          "LaunchKnockbackVertical": -3.0,
          "LaunchKnockbackHorizontal": 1.0,
          "Pushback": 3.0,
          "ParticleXOffset": 20,
          "ParticleYOffset": 10,
          "ParticleEffect": "sHitEffect",
          "ParticleDuration": 5,
          "HoldXOffset": 0,
          "HoldYOffset": 0,
          "MeterGain": 18.0,
          "ComboScaling": 1.0,
          "CausesWallbounce": false
        },
        {
          "Start": 8,
          "Lifetime": 4,
          "AttackWidth": 23,
          "AttackHeight": 20,
          "WidthOffset": -23,
          "HeightOffset": 2,
          "Group": 1,
          "Damage": 15,
          "AttackHitStop": 10,
          "AttackHitStun": 19,
          "AttackType": 1,
          "BlockStun": 10.0,
          "KnockBack": -1.0,
          "AirKnockbackVertical": -3.0,
          "AirKnockbackHorizontal": -1.0,
          "Launches": true,
          "LaunchKnockbackVertical": -3.0,
          "LaunchKnockbackHorizontal": -2.0,
          "Pushback": -3.0,
          "ParticleXOffset": 20,
          "ParticleYOffset": 10,
          "ParticleEffect": "sHitEffect",
          "ParticleDuration": 5,
          "HoldXOffset": 0,
          "HoldYOffset": 0,
          "MeterGain": 18.0,
          "ComboScaling": 1.0,
          "CausesWallbounce": false
        }
      ],
      "CounterData": [
        {
          "CounterHitLevel": 3,
          "Group": 1,
          "Damage": 20,
          "MeterGain": 12.0,
          "AttackHitStop": 30,
          "AttackHitStun": 25,
          "KnockBack": 1.0,
          "AirKnockbackVertical": -2.0,
          "AirKnockbackHorizontal": 4.0,
          "Pushback": 1.0,
          "ParticleXOffset": 18,
          "ParticleYOffset": 10,
          "ParticleEffect": "sHitbox",
          "ParticleDuration": 10,
          "Launches": false,
          "LaunchKnockbackVertical": 0.0,
          "LaunchKnockbackHorizontal": 0.0,
          "ComboScaling": 1.0,
          "CausesWallbounce": false
        },
        {
          "CounterHitLevel": 3,
          "Group": 1,
          "Damage": 20,
          "MeterGain": 12.0,
          "AttackHitStop": 30,
          "AttackHitStun": 25,
          "KnockBack": -1.0,
          "AirKnockbackVertical": -2.0,
          "AirKnockbackHorizontal": 4.0,
          "Pushback": -1.0,
          "ParticleXOffset": 18,
          "ParticleYOffset": 10,
          "ParticleEffect": "sHitEffect",
          "ParticleDuration": 10,
          "Launches": false,
          "LaunchKnockbackVertical": 0.0,
          "LaunchKnockbackHorizontal": 0.0,
          "ComboScaling": 1.0,
          "CausesWallbounce": false
        }
      ],
      "IsThrow": false,
      "OpponentPositionData": {
        "DistanceFromWall": 0.0,
        "ThrowOffset": 0,
        "NumberOfFrames": 0,
        "Frames": []
      },
      "NumberOfHurtboxes": 1,
      "HurtboxData": [
        {
          "Start": 10,
          "Lifetime": 16,
          "AttackWidth": 30,
          "AttackHeight": 15,
          "WidthOffset": -15,
          "HeightOffset": 2
        }
      ],
      "NumberOfProjectiles": 0,
      "ProjectileData": [],
      "RehitData": {
        "HitBox": 0,
        "NumberOfHits": 0,
        "HitOnFrames": []
      },
      "GroundMovementData": {
        "NumberOfWindows": 0,
        "Windows": [],
        "GravityScale": 0.0,
        "FallScale": 0.0
      },
      "AirMovementData": {
        "NumberOfWindows": 3,
        "Windows": [
          {
            "StartingFrame": 0,
            "HorizontalSpeed": 0.0,
            "VerticalSpeed": 0.0,
            "OverwriteVerticalSpeed": true,
            "OverwriteHorizontalSpeed": false
          },
          {
            "StartingFrame": 1,
            "HorizontalSpeed": 0.0,
            "VerticalSpeed": -2.0,
            "OverwriteVerticalSpeed": true,
            "OverwriteHorizontalSpeed": false
          },
          {
            "StartingFrame": 2,
            "HorizontalSpeed": 0.0,
            "VerticalSpeed": 0.0,
            "OverwriteVerticalSpeed": false,
            "OverwriteHorizontalSpeed": false
          }
        ],
        "GravityScale": 1.0000001,
        "FallScale": 0.5
      },
      "SupplimentaryScript": ""
    }
  ],
  "Version": "Ver1.1.0",
  "UID": "eb11e2fc-bf4d-45e7-88d0-10fe49d121d8",
  "LastModified": "2023-04-22T00:49:31.5132851-04:00",
  "LastModifiedBy": "johnk"
}