{
  "Name": "Jay",
  "MaxHitPoints": 90,
  "HorizontalSpeed": 0.0,
  "VerticalSpeed": 0.0,
  "EnvironmentalDisplacement": 0,
  "WalkSpeed": 1.5,
  "RunSpeed": 2.5,
  "Traction": 0.25,
  "JumpSpeed": 4.0,
  "FallSpeed": 0.25,
  "BackDashDuration": 25,
  "BackDashInvincibility": 8,
  "BackDashSpeed": 4.0,
  "BackDashStartup": 3.0,
  "FastFallSpeed": 0.35,
  "JumpType": 1,
  "JumpHorizontalSpeed": 0.0,
  "CharacterSprites": {
    "Idle": "sJay_Idle",
    "Crouch": "sRussel_Crouch",
    "StandBlock": "sRussel_Block",
    "CrouchBlock": "sRussel_Crouch_Block",
    "WalkForward": "sJay_Walk_Forward",
    "WalkBackward": "sJay_Walk_Forward",
    "RunForward": "sRussel_Run_Forward",
    "RunBackward": "sRussel_Run_Backward",
    "JumpSquat": "sRussel_Jumpsquat",
    "Jump": "sJay_Idle",
    "Hurt": "sJay_Hurt",
    "Grab": "sRussel_Grab",
    "Hold": "sRussel_Hold",
    "Launched": "sRussel_Launched",
    "Knockdown": "sRussel_KnockedDown",
    "GetUp": "sRussel_Getup"
  },
  "SuperMeterBuildRate": 0.5,
  "BaseColor": {
    "UID": "c7e5b149-ceba-4389-8bdf-000fe758671a",
    "Name": "",
    "NumberOfReplacableColors": 16,
    "ColorPalette": [
      {
        "Red": 0.0,
        "Blue": 0.0,
        "Green": 0.0
      },
      {
        "Red": 0.0,
        "Blue": 0.0,
        "Green": 0.0
      },
      {
        "Red": 0.0,
        "Blue": 0.0,
        "Green": 0.0
      },
      {
        "Red": 0.0,
        "Blue": 0.0,
        "Green": 0.0
      },
      {
        "Red": 0.0,
        "Blue": 0.0,
        "Green": 0.0
      },
      {
        "Red": 0.0,
        "Blue": 0.0,
        "Green": 0.0
      },
      {
        "Red": 0.0,
        "Blue": 0.0,
        "Green": 0.0
      },
      {
        "Red": 0.0,
        "Blue": 0.0,
        "Green": 0.0
      },
      {
        "Red": 0.0,
        "Blue": 0.0,
        "Green": 0.0
      },
      {
        "Red": 0.0,
        "Blue": 0.0,
        "Green": 0.0
      },
      {
        "Red": 0.0,
        "Blue": 0.0,
        "Green": 0.0
      },
      {
        "Red": 0.0,
        "Blue": 0.0,
        "Green": 0.0
      },
      {
        "Red": 0.0,
        "Blue": 0.0,
        "Green": 0.0
      },
      {
        "Red": 0.0,
        "Blue": 0.0,
        "Green": 0.0
      },
      {
        "Red": 0.0,
        "Blue": 0.0,
        "Green": 0.0
      },
      {
        "Red": 0.0,
        "Blue": 0.0,
        "Green": 0.0
      }
    ]
  },
  "NumberOfPalettes": 10,
  "Palettes": [
    {
      "UID": "48769fd7-d894-44e5-87df-03b42821fd18",
      "Name": "Default",
      "NumberOfReplacableColors": 16,
      "ColorPalette": [
        {
          "Red": 0.0,
          "Blue": 0.0,
          "Green": 0.0
        },
        {
          "Red": 0.0,
          "Blue": 0.0,
          "Green": 0.0
        },
        {
          "Red": 0.0,
          "Blue": 0.0,
          "Green": 0.0
        },
        {
          "Red": 0.0,
          "Blue": 0.0,
          "Green": 0.0
        },
        {
          "Red": 0.0,
          "Blue": 0.0,
          "Green": 0.0
        },
        {
          "Red": 0.0,
          "Blue": 0.0,
          "Green": 0.0
        },
        {
          "Red": 0.0,
          "Blue": 0.0,
          "Green": 0.0
        },
        {
          "Red": 0.0,
          "Blue": 0.0,
          "Green": 0.0
        },
        {
          "Red": 0.0,
          "Blue": 0.0,
          "Green": 0.0
        },
        {
          "Red": 0.0,
          "Blue": 0.0,
          "Green": 0.0
        },
        {
          "Red": 0.0,
          "Blue": 0.0,
          "Green": 0.0
        },
        {
          "Red": 0.0,
          "Blue": 0.0,
          "Green": 0.0
        },
        {
          "Red": 0.0,
          "Blue": 0.0,
          "Green": 0.0
        },
        {
          "Red": 0.0,
          "Blue": 0.0,
          "Green": 0.0
        },
        {
          "Red": 0.0,
          "Blue": 0.0,
          "Green": 0.0
        },
        {
          "Red": 0.0,
          "Blue": 0.0,
          "Green": 0.0
        }
      ]
    },
    {
      "UID": "571f0426-6f3d-476c-823b-a3a23f3dc2b7",
      "Name": "",
      "NumberOfReplacableColors": 16,
      "ColorPalette": [
        {
          "Red": 0.0,
          "Blue": 0.0,
          "Green": 0.0
        },
        {
          "Red": 0.0,
          "Blue": 0.0,
          "Green": 0.0
        },
        {
          "Red": 0.0,
          "Blue": 0.0,
          "Green": 0.0
        },
        {
          "Red": 0.0,
          "Blue": 0.0,
          "Green": 0.0
        },
        {
          "Red": 0.0,
          "Blue": 0.0,
          "Green": 0.0
        },
        {
          "Red": 0.0,
          "Blue": 0.0,
          "Green": 0.0
        },
        {
          "Red": 0.0,
          "Blue": 0.0,
          "Green": 0.0
        },
        {
          "Red": 0.0,
          "Blue": 0.0,
          "Green": 0.0
        },
        {
          "Red": 0.0,
          "Blue": 0.0,
          "Green": 0.0
        },
        {
          "Red": 0.0,
          "Blue": 0.0,
          "Green": 0.0
        },
        {
          "Red": 0.0,
          "Blue": 0.0,
          "Green": 0.0
        },
        {
          "Red": 0.0,
          "Blue": 0.0,
          "Green": 0.0
        },
        {
          "Red": 0.0,
          "Blue": 0.0,
          "Green": 0.0
        },
        {
          "Red": 0.0,
          "Blue": 0.0,
          "Green": 0.0
        },
        {
          "Red": 0.0,
          "Blue": 0.0,
          "Green": 0.0
        },
        {
          "Red": 0.0,
          "Blue": 0.0,
          "Green": 0.0
        }
      ]
    },
    {
      "UID": "004ae6ce-d905-426f-895d-8adba5ba3962",
      "Name": "",
      "NumberOfReplacableColors": 16,
      "ColorPalette": [
        {
          "Red": 0.0,
          "Blue": 0.0,
          "Green": 0.0
        },
        {
          "Red": 0.0,
          "Blue": 0.0,
          "Green": 0.0
        },
        {
          "Red": 0.0,
          "Blue": 0.0,
          "Green": 0.0
        },
        {
          "Red": 0.0,
          "Blue": 0.0,
          "Green": 0.0
        },
        {
          "Red": 0.0,
          "Blue": 0.0,
          "Green": 0.0
        },
        {
          "Red": 0.0,
          "Blue": 0.0,
          "Green": 0.0
        },
        {
          "Red": 0.0,
          "Blue": 0.0,
          "Green": 0.0
        },
        {
          "Red": 0.0,
          "Blue": 0.0,
          "Green": 0.0
        },
        {
          "Red": 0.0,
          "Blue": 0.0,
          "Green": 0.0
        },
        {
          "Red": 0.0,
          "Blue": 0.0,
          "Green": 0.0
        },
        {
          "Red": 0.0,
          "Blue": 0.0,
          "Green": 0.0
        },
        {
          "Red": 0.0,
          "Blue": 0.0,
          "Green": 0.0
        },
        {
          "Red": 0.0,
          "Blue": 0.0,
          "Green": 0.0
        },
        {
          "Red": 0.0,
          "Blue": 0.0,
          "Green": 0.0
        },
        {
          "Red": 0.0,
          "Blue": 0.0,
          "Green": 0.0
        },
        {
          "Red": 0.0,
          "Blue": 0.0,
          "Green": 0.0
        }
      ]
    },
    {
      "UID": "c33705e9-f8b5-4966-9752-0daa2ab25c1e",
      "Name": "",
      "NumberOfReplacableColors": 16,
      "ColorPalette": [
        {
          "Red": 0.0,
          "Blue": 0.0,
          "Green": 0.0
        },
        {
          "Red": 0.0,
          "Blue": 0.0,
          "Green": 0.0
        },
        {
          "Red": 0.0,
          "Blue": 0.0,
          "Green": 0.0
        },
        {
          "Red": 0.0,
          "Blue": 0.0,
          "Green": 0.0
        },
        {
          "Red": 0.0,
          "Blue": 0.0,
          "Green": 0.0
        },
        {
          "Red": 0.0,
          "Blue": 0.0,
          "Green": 0.0
        },
        {
          "Red": 0.0,
          "Blue": 0.0,
          "Green": 0.0
        },
        {
          "Red": 0.0,
          "Blue": 0.0,
          "Green": 0.0
        },
        {
          "Red": 0.0,
          "Blue": 0.0,
          "Green": 0.0
        },
        {
          "Red": 0.0,
          "Blue": 0.0,
          "Green": 0.0
        },
        {
          "Red": 0.0,
          "Blue": 0.0,
          "Green": 0.0
        },
        {
          "Red": 0.0,
          "Blue": 0.0,
          "Green": 0.0
        },
        {
          "Red": 0.0,
          "Blue": 0.0,
          "Green": 0.0
        },
        {
          "Red": 0.0,
          "Blue": 0.0,
          "Green": 0.0
        },
        {
          "Red": 0.0,
          "Blue": 0.0,
          "Green": 0.0
        },
        {
          "Red": 0.0,
          "Blue": 0.0,
          "Green": 0.0
        }
      ]
    },
    {
      "UID": "d26be885-8629-472b-b9ba-b11db55ac946",
      "Name": "",
      "NumberOfReplacableColors": 16,
      "ColorPalette": [
        {
          "Red": 0.0,
          "Blue": 0.0,
          "Green": 0.0
        },
        {
          "Red": 0.0,
          "Blue": 0.0,
          "Green": 0.0
        },
        {
          "Red": 0.0,
          "Blue": 0.0,
          "Green": 0.0
        },
        {
          "Red": 0.0,
          "Blue": 0.0,
          "Green": 0.0
        },
        {
          "Red": 0.0,
          "Blue": 0.0,
          "Green": 0.0
        },
        {
          "Red": 0.0,
          "Blue": 0.0,
          "Green": 0.0
        },
        {
          "Red": 0.0,
          "Blue": 0.0,
          "Green": 0.0
        },
        {
          "Red": 0.0,
          "Blue": 0.0,
          "Green": 0.0
        },
        {
          "Red": 0.0,
          "Blue": 0.0,
          "Green": 0.0
        },
        {
          "Red": 0.0,
          "Blue": 0.0,
          "Green": 0.0
        },
        {
          "Red": 0.0,
          "Blue": 0.0,
          "Green": 0.0
        },
        {
          "Red": 0.0,
          "Blue": 0.0,
          "Green": 0.0
        },
        {
          "Red": 0.0,
          "Blue": 0.0,
          "Green": 0.0
        },
        {
          "Red": 0.0,
          "Blue": 0.0,
          "Green": 0.0
        },
        {
          "Red": 0.0,
          "Blue": 0.0,
          "Green": 0.0
        },
        {
          "Red": 0.0,
          "Blue": 0.0,
          "Green": 0.0
        }
      ]
    },
    {
      "UID": "a1990174-105c-4f6b-92a0-fb3a18d044cc",
      "Name": "",
      "NumberOfReplacableColors": 16,
      "ColorPalette": [
        {
          "Red": 0.0,
          "Blue": 0.0,
          "Green": 0.0
        },
        {
          "Red": 0.0,
          "Blue": 0.0,
          "Green": 0.0
        },
        {
          "Red": 0.0,
          "Blue": 0.0,
          "Green": 0.0
        },
        {
          "Red": 0.0,
          "Blue": 0.0,
          "Green": 0.0
        },
        {
          "Red": 0.0,
          "Blue": 0.0,
          "Green": 0.0
        },
        {
          "Red": 0.0,
          "Blue": 0.0,
          "Green": 0.0
        },
        {
          "Red": 0.0,
          "Blue": 0.0,
          "Green": 0.0
        },
        {
          "Red": 0.0,
          "Blue": 0.0,
          "Green": 0.0
        },
        {
          "Red": 0.0,
          "Blue": 0.0,
          "Green": 0.0
        },
        {
          "Red": 0.0,
          "Blue": 0.0,
          "Green": 0.0
        },
        {
          "Red": 0.0,
          "Blue": 0.0,
          "Green": 0.0
        },
        {
          "Red": 0.0,
          "Blue": 0.0,
          "Green": 0.0
        },
        {
          "Red": 0.0,
          "Blue": 0.0,
          "Green": 0.0
        },
        {
          "Red": 0.0,
          "Blue": 0.0,
          "Green": 0.0
        },
        {
          "Red": 0.0,
          "Blue": 0.0,
          "Green": 0.0
        },
        {
          "Red": 0.0,
          "Blue": 0.0,
          "Green": 0.0
        }
      ]
    },
    {
      "UID": "b959aaaa-a746-40da-835d-558e2db8609a",
      "Name": "",
      "NumberOfReplacableColors": 16,
      "ColorPalette": [
        {
          "Red": 0.0,
          "Blue": 0.0,
          "Green": 0.0
        },
        {
          "Red": 0.0,
          "Blue": 0.0,
          "Green": 0.0
        },
        {
          "Red": 0.0,
          "Blue": 0.0,
          "Green": 0.0
        },
        {
          "Red": 0.0,
          "Blue": 0.0,
          "Green": 0.0
        },
        {
          "Red": 0.0,
          "Blue": 0.0,
          "Green": 0.0
        },
        {
          "Red": 0.0,
          "Blue": 0.0,
          "Green": 0.0
        },
        {
          "Red": 0.0,
          "Blue": 0.0,
          "Green": 0.0
        },
        {
          "Red": 0.0,
          "Blue": 0.0,
          "Green": 0.0
        },
        {
          "Red": 0.0,
          "Blue": 0.0,
          "Green": 0.0
        },
        {
          "Red": 0.0,
          "Blue": 0.0,
          "Green": 0.0
        },
        {
          "Red": 0.0,
          "Blue": 0.0,
          "Green": 0.0
        },
        {
          "Red": 0.0,
          "Blue": 0.0,
          "Green": 0.0
        },
        {
          "Red": 0.0,
          "Blue": 0.0,
          "Green": 0.0
        },
        {
          "Red": 0.0,
          "Blue": 0.0,
          "Green": 0.0
        },
        {
          "Red": 0.0,
          "Blue": 0.0,
          "Green": 0.0
        },
        {
          "Red": 0.0,
          "Blue": 0.0,
          "Green": 0.0
        }
      ]
    },
    {
      "UID": "1bf0a500-29d6-4fdd-84b4-fa31772df12b",
      "Name": "",
      "NumberOfReplacableColors": 16,
      "ColorPalette": [
        {
          "Red": 0.0,
          "Blue": 0.0,
          "Green": 0.0
        },
        {
          "Red": 0.0,
          "Blue": 0.0,
          "Green": 0.0
        },
        {
          "Red": 0.0,
          "Blue": 0.0,
          "Green": 0.0
        },
        {
          "Red": 0.0,
          "Blue": 0.0,
          "Green": 0.0
        },
        {
          "Red": 0.0,
          "Blue": 0.0,
          "Green": 0.0
        },
        {
          "Red": 0.0,
          "Blue": 0.0,
          "Green": 0.0
        },
        {
          "Red": 0.0,
          "Blue": 0.0,
          "Green": 0.0
        },
        {
          "Red": 0.0,
          "Blue": 0.0,
          "Green": 0.0
        },
        {
          "Red": 0.0,
          "Blue": 0.0,
          "Green": 0.0
        },
        {
          "Red": 0.0,
          "Blue": 0.0,
          "Green": 0.0
        },
        {
          "Red": 0.0,
          "Blue": 0.0,
          "Green": 0.0
        },
        {
          "Red": 0.0,
          "Blue": 0.0,
          "Green": 0.0
        },
        {
          "Red": 0.0,
          "Blue": 0.0,
          "Green": 0.0
        },
        {
          "Red": 0.0,
          "Blue": 0.0,
          "Green": 0.0
        },
        {
          "Red": 0.0,
          "Blue": 0.0,
          "Green": 0.0
        },
        {
          "Red": 0.0,
          "Blue": 0.0,
          "Green": 0.0
        }
      ]
    },
    {
      "UID": "c4cb0d0b-c6cb-4069-8fcb-17da3fd451ff",
      "Name": "",
      "NumberOfReplacableColors": 16,
      "ColorPalette": [
        {
          "Red": 0.0,
          "Blue": 0.0,
          "Green": 0.0
        },
        {
          "Red": 0.0,
          "Blue": 0.0,
          "Green": 0.0
        },
        {
          "Red": 0.0,
          "Blue": 0.0,
          "Green": 0.0
        },
        {
          "Red": 0.0,
          "Blue": 0.0,
          "Green": 0.0
        },
        {
          "Red": 0.0,
          "Blue": 0.0,
          "Green": 0.0
        },
        {
          "Red": 0.0,
          "Blue": 0.0,
          "Green": 0.0
        },
        {
          "Red": 0.0,
          "Blue": 0.0,
          "Green": 0.0
        },
        {
          "Red": 0.0,
          "Blue": 0.0,
          "Green": 0.0
        },
        {
          "Red": 0.0,
          "Blue": 0.0,
          "Green": 0.0
        },
        {
          "Red": 0.0,
          "Blue": 0.0,
          "Green": 0.0
        },
        {
          "Red": 0.0,
          "Blue": 0.0,
          "Green": 0.0
        },
        {
          "Red": 0.0,
          "Blue": 0.0,
          "Green": 0.0
        },
        {
          "Red": 0.0,
          "Blue": 0.0,
          "Green": 0.0
        },
        {
          "Red": 0.0,
          "Blue": 0.0,
          "Green": 0.0
        },
        {
          "Red": 0.0,
          "Blue": 0.0,
          "Green": 0.0
        },
        {
          "Red": 0.0,
          "Blue": 0.0,
          "Green": 0.0
        }
      ]
    },
    {
      "UID": "4e817046-5986-4dd5-829f-10b863b26d1d",
      "Name": "",
      "NumberOfReplacableColors": 16,
      "ColorPalette": [
        {
          "Red": 0.0,
          "Blue": 0.0,
          "Green": 0.0
        },
        {
          "Red": 0.0,
          "Blue": 0.0,
          "Green": 0.0
        },
        {
          "Red": 0.0,
          "Blue": 0.0,
          "Green": 0.0
        },
        {
          "Red": 0.0,
          "Blue": 0.0,
          "Green": 0.0
        },
        {
          "Red": 0.0,
          "Blue": 0.0,
          "Green": 0.0
        },
        {
          "Red": 0.0,
          "Blue": 0.0,
          "Green": 0.0
        },
        {
          "Red": 0.0,
          "Blue": 0.0,
          "Green": 0.0
        },
        {
          "Red": 0.0,
          "Blue": 0.0,
          "Green": 0.0
        },
        {
          "Red": 0.0,
          "Blue": 0.0,
          "Green": 0.0
        },
        {
          "Red": 0.0,
          "Blue": 0.0,
          "Green": 0.0
        },
        {
          "Red": 0.0,
          "Blue": 0.0,
          "Green": 0.0
        },
        {
          "Red": 0.0,
          "Blue": 0.0,
          "Green": 0.0
        },
        {
          "Red": 0.0,
          "Blue": 0.0,
          "Green": 0.0
        },
        {
          "Red": 0.0,
          "Blue": 0.0,
          "Green": 0.0
        },
        {
          "Red": 0.0,
          "Blue": 0.0,
          "Green": 0.0
        },
        {
          "Red": 0.0,
          "Blue": 0.0,
          "Green": 0.0
        }
      ]
    }
  ],
  "MoveData": [
    {
      "UID": "e42052d3-0340-4551-896d-49fc4e61e9e2",
      "MoveType": 32,
      "MoveCanCancelInto": 0,
      "SpriteName": "sRussel_Standing_Light",
      "Duration": 7,
      "NumberOfFrames": 4,
      "FrameData": [
        {
          "Length": 1,
          "ImageIndex": 0
        },
        {
          "Length": 3,
          "ImageIndex": 1
        },
        {
          "Length": 5,
          "ImageIndex": 2
        },
        {
          "Length": 7,
          "ImageIndex": 3
        }
      ],
      "NumberOfHitboxes": 1,
      "AttackData": [
        {
          "Start": 3,
          "Lifetime": 4,
          "AttackWidth": 15,
          "AttackHeight": 5,
          "WidthOffset": 12,
          "HeightOffset": 15,
          "Group": 1,
          "Damage": 3,
          "AttackHitStop": 6,
          "AttackHitStun": 9,
          "AttackType": 1,
          "BlockStun": 3.0,
          "KnockBack": 1.0,
          "AirKnockbackVertical": 0.0,
          "AirKnockbackHorizontal": 1.0,
          "Launches": false,
          "LaunchKnockbackVertical": 0.0,
          "LaunchKnockbackHorizontal": 0.0,
          "Pushback": 1.0,
          "ParticleXOffset": 0,
          "ParticleYOffset": 0,
          "ParticleEffect": "sSmallHitspark",
          "ParticleDuration": 5,
          "HoldXOffset": 0,
          "HoldYOffset": 0,
          "MeterGain": 4.0,
          "ComboScaling": 2.0,
          "CausesWallbounce": false
        }
      ],
      "CounterData": [
        {
          "CounterHitLevel": 1,
          "Group": 1,
          "Damage": 5,
          "MeterGain": 6.0,
          "AttackHitStop": 10,
          "AttackHitStun": 11,
          "KnockBack": 1.0,
          "AirKnockbackVertical": -2.0,
          "AirKnockbackHorizontal": 4.0,
          "Pushback": 1.0,
          "ParticleXOffset": 18,
          "ParticleYOffset": 10,
          "ParticleEffect": "sHitEffect",
          "ParticleDuration": 10,
          "Launches": false,
          "LaunchKnockbackVertical": 0.0,
          "LaunchKnockbackHorizontal": 0.0,
          "ComboScaling": 2.0,
          "CausesWallbounce": false
        }
      ],
      "IsThrow": false,
      "OpponentPositionData": {
        "DistanceFromWall": 0.0,
        "ThrowOffset": 0,
        "NumberOfFrames": 0,
        "Frames": []
      },
      "NumberOfHurtboxes": 1,
      "HurtboxData": [
        {
          "Start": 3,
          "Lifetime": 6,
          "AttackWidth": 20,
          "AttackHeight": 6,
          "WidthOffset": 4,
          "HeightOffset": 12
        }
      ],
      "NumberOfProjectiles": 0,
      "ProjectileData": [],
      "RehitData": {
        "HitBox": 0,
        "NumberOfHits": 0,
        "HitOnFrames": []
      },
      "GroundMovementData": {
        "NumberOfWindows": 0,
        "Windows": [],
        "GravityScale": 0.0,
        "FallScale": 0.0
      },
      "AirMovementData": {
        "NumberOfWindows": 0,
        "Windows": [],
        "GravityScale": 0.0,
        "FallScale": 0.0
      },
      "SupplimentaryScript": ""
    },
    {
      "UID": "c14a5529-c9ef-4e2e-806a-7f48a2c0aa9a",
      "MoveType": 1,
      "MoveCanCancelInto": 0,
      "SpriteName": "sRussel_BackwardThrow",
      "Duration": 58,
      "NumberOfFrames": 10,
      "FrameData": [
        {
          "Length": 4,
          "ImageIndex": 1
        },
        {
          "Length": 7,
          "ImageIndex": 2
        },
        {
          "Length": 13,
          "ImageIndex": 3
        },
        {
          "Length": 22,
          "ImageIndex": 4
        },
        {
          "Length": 25,
          "ImageIndex": 5
        },
        {
          "Length": 28,
          "ImageIndex": 6
        },
        {
          "Length": 31,
          "ImageIndex": 7
        },
        {
          "Length": 43,
          "ImageIndex": 8
        },
        {
          "Length": 49,
          "ImageIndex": 9
        },
        {
          "Length": 55,
          "ImageIndex": 10
        }
      ],
      "NumberOfHitboxes": 1,
      "AttackData": [
        {
          "Start": 28,
          "Lifetime": 5,
          "AttackWidth": 10,
          "AttackHeight": 20,
          "WidthOffset": -50,
          "HeightOffset": 0,
          "Group": 2,
          "Damage": 10,
          "AttackHitStop": 16,
          "AttackHitStun": 10,
          "AttackType": 1,
          "BlockStun": 5.0,
          "KnockBack": 3.0,
          "AirKnockbackVertical": 0.0,
          "AirKnockbackHorizontal": 0.0,
          "Launches": true,
          "LaunchKnockbackVertical": -4.0,
          "LaunchKnockbackHorizontal": -0.2,
          "Pushback": 0.0,
          "ParticleXOffset": 20,
          "ParticleYOffset": 10,
          "ParticleEffect": "sHitEffect",
          "ParticleDuration": 5,
          "HoldXOffset": 0,
          "HoldYOffset": 0,
          "MeterGain": 10.0,
          "ComboScaling": 4.0,
          "CausesWallbounce": false
        }
      ],
      "CounterData": [
        {
          "CounterHitLevel": 1,
          "Group": 1,
          "Damage": 20,
          "MeterGain": 12.0,
          "AttackHitStop": 30,
          "AttackHitStun": 14,
          "KnockBack": 5.0,
          "AirKnockbackVertical": -2.0,
          "AirKnockbackHorizontal": 4.0,
          "Pushback": 0.0,
          "ParticleXOffset": 18,
          "ParticleYOffset": 10,
          "ParticleEffect": "sHitEffect",
          "ParticleDuration": 10,
          "Launches": true,
          "LaunchKnockbackVertical": -1.0,
          "LaunchKnockbackHorizontal": 5.0,
          "ComboScaling": 1.0,
          "CausesWallbounce": false
        }
      ],
      "IsThrow": true,
      "OpponentPositionData": {
        "DistanceFromWall": -70.0,
        "ThrowOffset": -22,
        "NumberOfFrames": 5,
        "Frames": [
          {
            "Frame": 0,
            "RelativeX": 20,
            "RelativeY": 0,
            "Sprite": 0,
            "Index": 0,
            "Rotation": 0,
            "XScale": -1
          },
          {
            "Frame": 7,
            "RelativeX": 20,
            "RelativeY": 1,
            "Sprite": 0,
            "Index": 0,
            "Rotation": 0,
            "XScale": -1
          },
          {
            "Frame": 13,
            "RelativeX": 20,
            "RelativeY": 2,
            "Sprite": 0,
            "Index": 0,
            "Rotation": 0,
            "XScale": -1
          },
          {
            "Frame": 22,
            "RelativeX": 10,
            "RelativeY": -40,
            "Sprite": 0,
            "Index": 0,
            "Rotation": 90,
            "XScale": -1
          },
          {
            "Frame": 25,
            "RelativeX": -50,
            "RelativeY": -2,
            "Sprite": 2,
            "Index": 5,
            "Rotation": 0,
            "XScale": -1
          }
        ]
      },
      "NumberOfHurtboxes": 1,
      "HurtboxData": [
        {
          "Start": 4,
          "Lifetime": 1,
          "AttackWidth": 20,
          "AttackHeight": 25,
          "WidthOffset": -6,
          "HeightOffset": 0
        }
      ],
      "NumberOfProjectiles": 0,
      "ProjectileData": [],
      "RehitData": {
        "HitBox": 0,
        "NumberOfHits": 0,
        "HitOnFrames": []
      },
      "GroundMovementData": {
        "NumberOfWindows": 0,
        "Windows": [],
        "GravityScale": 0.0,
        "FallScale": 0.0
      },
      "AirMovementData": {
        "NumberOfWindows": 0,
        "Windows": [],
        "GravityScale": 0.0,
        "FallScale": 0.0
      },
      "SupplimentaryScript": ""
    },
    {
      "UID": "75601a84-ef21-4269-834d-fda92d4ce626",
      "MoveType": 2,
      "MoveCanCancelInto": 0,
      "SpriteName": "sRussel_ForwardThrow",
      "Duration": 42,
      "NumberOfFrames": 9,
      "FrameData": [
        {
          "Length": 5,
          "ImageIndex": 1
        },
        {
          "Length": 10,
          "ImageIndex": 2
        },
        {
          "Length": 14,
          "ImageIndex": 3
        },
        {
          "Length": 18,
          "ImageIndex": 4
        },
        {
          "Length": 24,
          "ImageIndex": 5
        },
        {
          "Length": 34,
          "ImageIndex": 6
        },
        {
          "Length": 36,
          "ImageIndex": 7
        },
        {
          "Length": 38,
          "ImageIndex": 8
        },
        {
          "Length": 40,
          "ImageIndex": 9
        }
      ],
      "NumberOfHitboxes": 1,
      "AttackData": [
        {
          "Start": 14,
          "Lifetime": 5,
          "AttackWidth": 35,
          "AttackHeight": 20,
          "WidthOffset": 0,
          "HeightOffset": 0,
          "Group": 2,
          "Damage": 10,
          "AttackHitStop": 16,
          "AttackHitStun": 10,
          "AttackType": 1,
          "BlockStun": 5.0,
          "KnockBack": 3.0,
          "AirKnockbackVertical": 0.0,
          "AirKnockbackHorizontal": 0.0,
          "Launches": true,
          "LaunchKnockbackVertical": 2.0,
          "LaunchKnockbackHorizontal": 4.0,
          "Pushback": 0.0,
          "ParticleXOffset": 20,
          "ParticleYOffset": 10,
          "ParticleEffect": "sHitEffect",
          "ParticleDuration": 5,
          "HoldXOffset": 0,
          "HoldYOffset": 0,
          "MeterGain": 10.0,
          "ComboScaling": 4.0,
          "CausesWallbounce": false
        }
      ],
      "CounterData": [
        {
          "CounterHitLevel": 1,
          "Group": 1,
          "Damage": 20,
          "MeterGain": 12.0,
          "AttackHitStop": 30,
          "AttackHitStun": 14,
          "KnockBack": 5.0,
          "AirKnockbackVertical": -2.0,
          "AirKnockbackHorizontal": 4.0,
          "Pushback": 0.0,
          "ParticleXOffset": 18,
          "ParticleYOffset": 10,
          "ParticleEffect": "sHitEffect",
          "ParticleDuration": 10,
          "Launches": true,
          "LaunchKnockbackVertical": -1.0,
          "LaunchKnockbackHorizontal": 5.0,
          "ComboScaling": 1.0,
          "CausesWallbounce": false
        }
      ],
      "IsThrow": true,
      "OpponentPositionData": {
        "DistanceFromWall": 50.0,
        "ThrowOffset": 0,
        "NumberOfFrames": 2,
        "Frames": [
          {
            "Frame": 0,
            "RelativeX": 20,
            "RelativeY": 0,
            "Sprite": 0,
            "Index": 0,
            "Rotation": 0,
            "XScale": -1
          },
          {
            "Frame": 13,
            "RelativeX": 30,
            "RelativeY": 0,
            "Sprite": 0,
            "Index": 0,
            "Rotation": 0,
            "XScale": -1
          }
        ]
      },
      "NumberOfHurtboxes": 1,
      "HurtboxData": [
        {
          "Start": 4,
          "Lifetime": 1,
          "AttackWidth": 20,
          "AttackHeight": 25,
          "WidthOffset": -6,
          "HeightOffset": 0
        }
      ],
      "NumberOfProjectiles": 0,
      "ProjectileData": [],
      "RehitData": {
        "HitBox": 0,
        "NumberOfHits": 0,
        "HitOnFrames": []
      },
      "GroundMovementData": {
        "NumberOfWindows": 0,
        "Windows": [],
        "GravityScale": 0.0,
        "FallScale": 0.0
      },
      "AirMovementData": {
        "NumberOfWindows": 0,
        "Windows": [],
        "GravityScale": 0.0,
        "FallScale": 0.0
      },
      "SupplimentaryScript": ""
    },
    {
      "UID": "189e5d3a-d24c-4e85-8ab1-743575916594",
      "MoveType": 4,
      "MoveCanCancelInto": 0,
      "SpriteName": "sRussel_Grab",
      "Duration": 24,
      "NumberOfFrames": 5,
      "FrameData": [
        {
          "Length": 4,
          "ImageIndex": 1
        },
        {
          "Length": 8,
          "ImageIndex": 2
        },
        {
          "Length": 12,
          "ImageIndex": 3
        },
        {
          "Length": 16,
          "ImageIndex": 4
        },
        {
          "Length": 20,
          "ImageIndex": 5
        }
      ],
      "NumberOfHitboxes": 1,
      "AttackData": [
        {
          "Start": 5,
          "Lifetime": 2,
          "AttackWidth": 17,
          "AttackHeight": 20,
          "WidthOffset": 0,
          "HeightOffset": 0,
          "Group": 1,
          "Damage": 0,
          "AttackHitStop": 0,
          "AttackHitStun": 0,
          "AttackType": 3,
          "BlockStun": 0.0,
          "KnockBack": 0.0,
          "AirKnockbackVertical": 0.0,
          "AirKnockbackHorizontal": 0.0,
          "Launches": false,
          "LaunchKnockbackVertical": 0.0,
          "LaunchKnockbackHorizontal": 0.0,
          "Pushback": 0.0,
          "ParticleXOffset": 10,
          "ParticleYOffset": 0,
          "ParticleEffect": "sHitEffect",
          "ParticleDuration": 5,
          "HoldXOffset": 20,
          "HoldYOffset": 0,
          "MeterGain": 0.0,
          "ComboScaling": 0.0,
          "CausesWallbounce": false
        }
      ],
      "CounterData": [
        {
          "CounterHitLevel": 1,
          "Group": 1,
          "Damage": 0,
          "MeterGain": 0.0,
          "AttackHitStop": 0,
          "AttackHitStun": 0,
          "KnockBack": 0.0,
          "AirKnockbackVertical": 0.0,
          "AirKnockbackHorizontal": 0.0,
          "Pushback": 0.0,
          "ParticleXOffset": 0,
          "ParticleYOffset": 0,
          "ParticleEffect": "sHitEffect",
          "ParticleDuration": 0,
          "Launches": false,
          "LaunchKnockbackVertical": 0.0,
          "LaunchKnockbackHorizontal": 0.0,
          "ComboScaling": 0.0,
          "CausesWallbounce": false
        }
      ],
      "IsThrow": false,
      "OpponentPositionData": {
        "DistanceFromWall": 0.0,
        "ThrowOffset": 0,
        "NumberOfFrames": 0,
        "Frames": []
      },
      "NumberOfHurtboxes": 1,
      "HurtboxData": [
        {
          "Start": 4,
          "Lifetime": 20,
          "AttackWidth": 20,
          "AttackHeight": 25,
          "WidthOffset": -6,
          "HeightOffset": 0
        }
      ],
      "NumberOfProjectiles": 0,
      "ProjectileData": [],
      "RehitData": {
        "HitBox": 0,
        "NumberOfHits": 0,
        "HitOnFrames": []
      },
      "GroundMovementData": {
        "NumberOfWindows": 0,
        "Windows": [],
        "GravityScale": 0.0,
        "FallScale": 0.0
      },
      "AirMovementData": {
        "NumberOfWindows": 0,
        "Windows": [],
        "GravityScale": 0.0,
        "FallScale": 0.0
      },
      "SupplimentaryScript": ""
    },
    {
      "UID": "c902caff-7aa3-4153-a750-34811fa5416a",
      "MoveType": 8,
      "MoveCanCancelInto": 0,
      "SpriteName": "sRussel_SideSpecial",
      "Duration": 50,
      "NumberOfFrames": 16,
      "FrameData": [
        {
          "Length": 4,
          "ImageIndex": 1
        },
        {
          "Length": 8,
          "ImageIndex": 2
        },
        {
          "Length": 10,
          "ImageIndex": 3
        },
        {
          "Length": 12,
          "ImageIndex": 4
        },
        {
          "Length": 14,
          "ImageIndex": 5
        },
        {
          "Length": 17,
          "ImageIndex": 6
        },
        {
          "Length": 21,
          "ImageIndex": 7
        },
        {
          "Length": 22,
          "ImageIndex": 8
        },
        {
          "Length": 26,
          "ImageIndex": 9
        },
        {
          "Length": 28,
          "ImageIndex": 10
        },
        {
          "Length": 29,
          "ImageIndex": 11
        },
        {
          "Length": 32,
          "ImageIndex": 12
        },
        {
          "Length": 40,
          "ImageIndex": 13
        },
        {
          "Length": 46,
          "ImageIndex": 14
        },
        {
          "Length": 48,
          "ImageIndex": 15
        },
        {
          "Length": 49,
          "ImageIndex": 16
        }
      ],
      "NumberOfHitboxes": 2,
      "AttackData": [
        {
          "Start": 8,
          "Lifetime": 4,
          "AttackWidth": 40,
          "AttackHeight": 20,
          "WidthOffset": 0,
          "HeightOffset": 2,
          "Group": 1,
          "Damage": 7,
          "AttackHitStop": 9,
          "AttackHitStun": 24,
          "AttackType": 1,
          "BlockStun": 16.0,
          "KnockBack": 6.0,
          "AirKnockbackVertical": -0.5,
          "AirKnockbackHorizontal": 2.0,
          "Launches": true,
          "LaunchKnockbackVertical": -1.5,
          "LaunchKnockbackHorizontal": 2.0,
          "Pushback": 0.0,
          "ParticleXOffset": 20,
          "ParticleYOffset": 10,
          "ParticleEffect": "sHitEffect",
          "ParticleDuration": 5,
          "HoldXOffset": 0,
          "HoldYOffset": 0,
          "MeterGain": 4.0,
          "ComboScaling": 1.0,
          "CausesWallbounce": false
        },
        {
          "Start": 26,
          "Lifetime": 4,
          "AttackWidth": 40,
          "AttackHeight": 20,
          "WidthOffset": 0,
          "HeightOffset": 2,
          "Group": 2,
          "Damage": 7,
          "AttackHitStop": 16,
          "AttackHitStun": 15,
          "AttackType": 1,
          "BlockStun": 10.0,
          "KnockBack": 6.0,
          "AirKnockbackVertical": 0.0,
          "AirKnockbackHorizontal": 4.0,
          "Launches": false,
          "LaunchKnockbackVertical": 0.0,
          "LaunchKnockbackHorizontal": 0.0,
          "Pushback": 3.0,
          "ParticleXOffset": 20,
          "ParticleYOffset": 10,
          "ParticleEffect": "sHitEffect",
          "ParticleDuration": 5,
          "HoldXOffset": 0,
          "HoldYOffset": 0,
          "MeterGain": 4.0,
          "ComboScaling": 1.0,
          "CausesWallbounce": false
        }
      ],
      "CounterData": [
        {
          "CounterHitLevel": 3,
          "Group": 1,
          "Damage": 10,
          "MeterGain": 10.0,
          "AttackHitStop": 30,
          "AttackHitStun": 24,
          "KnockBack": 6.0,
          "AirKnockbackVertical": -0.5,
          "AirKnockbackHorizontal": 2.0,
          "Pushback": 0.0,
          "ParticleXOffset": 20,
          "ParticleYOffset": 10,
          "ParticleEffect": "sHitEffect",
          "ParticleDuration": 10,
          "Launches": true,
          "LaunchKnockbackVertical": -2.5,
          "LaunchKnockbackHorizontal": 2.0,
          "ComboScaling": 1.0,
          "CausesWallbounce": false
        },
        {
          "CounterHitLevel": 3,
          "Group": 2,
          "Damage": 10,
          "MeterGain": 10.0,
          "AttackHitStop": 30,
          "AttackHitStun": 14,
          "KnockBack": 6.0,
          "AirKnockbackVertical": -2.0,
          "AirKnockbackHorizontal": 4.0,
          "Pushback": 3.0,
          "ParticleXOffset": 20,
          "ParticleYOffset": 10,
          "ParticleEffect": "sHitEffect",
          "ParticleDuration": 10,
          "Launches": true,
          "LaunchKnockbackVertical": -1.5,
          "LaunchKnockbackHorizontal": 2.0,
          "ComboScaling": 1.0,
          "CausesWallbounce": false
        }
      ],
      "IsThrow": false,
      "OpponentPositionData": {
        "DistanceFromWall": 0.0,
        "ThrowOffset": 0,
        "NumberOfFrames": 0,
        "Frames": []
      },
      "NumberOfHurtboxes": 2,
      "HurtboxData": [
        {
          "Start": 8,
          "Lifetime": 5,
          "AttackWidth": 30,
          "AttackHeight": 20,
          "WidthOffset": 0,
          "HeightOffset": 2
        },
        {
          "Start": 26,
          "Lifetime": 6,
          "AttackWidth": 30,
          "AttackHeight": 20,
          "WidthOffset": 0,
          "HeightOffset": 2
        }
      ],
      "NumberOfProjectiles": 0,
      "ProjectileData": [],
      "RehitData": {
        "HitBox": 0,
        "NumberOfHits": 0,
        "HitOnFrames": []
      },
      "GroundMovementData": {
        "NumberOfWindows": 5,
        "Windows": [
          {
            "StartingFrame": 0,
            "HorizontalSpeed": 0.0,
            "VerticalSpeed": 0.0,
            "OverwriteVerticalSpeed": true,
            "OverwriteHorizontalSpeed": false
          },
          {
            "StartingFrame": 6,
            "HorizontalSpeed": 0.0,
            "VerticalSpeed": -1.5,
            "OverwriteVerticalSpeed": true,
            "OverwriteHorizontalSpeed": true
          },
          {
            "StartingFrame": 7,
            "HorizontalSpeed": 2.5,
            "VerticalSpeed": 0.0,
            "OverwriteVerticalSpeed": false,
            "OverwriteHorizontalSpeed": true
          },
          {
            "StartingFrame": 32,
            "HorizontalSpeed": 1.0,
            "VerticalSpeed": 0.0,
            "OverwriteVerticalSpeed": true,
            "OverwriteHorizontalSpeed": true
          },
          {
            "StartingFrame": 40,
            "HorizontalSpeed": 0.5,
            "VerticalSpeed": 0.0,
            "OverwriteVerticalSpeed": true,
            "OverwriteHorizontalSpeed": true
          }
        ],
        "GravityScale": 0.5,
        "FallScale": 0.5
      },
      "AirMovementData": {
        "NumberOfWindows": 5,
        "Windows": [
          {
            "StartingFrame": 0,
            "HorizontalSpeed": 0.0,
            "VerticalSpeed": 0.0,
            "OverwriteVerticalSpeed": true,
            "OverwriteHorizontalSpeed": true
          },
          {
            "StartingFrame": 6,
            "HorizontalSpeed": 0.0,
            "VerticalSpeed": -1.5,
            "OverwriteVerticalSpeed": true,
            "OverwriteHorizontalSpeed": false
          },
          {
            "StartingFrame": 7,
            "HorizontalSpeed": 2.5,
            "VerticalSpeed": 0.0,
            "OverwriteVerticalSpeed": false,
            "OverwriteHorizontalSpeed": true
          },
          {
            "StartingFrame": 32,
            "HorizontalSpeed": -0.25,
            "VerticalSpeed": 0.0,
            "OverwriteVerticalSpeed": false,
            "OverwriteHorizontalSpeed": false
          },
          {
            "StartingFrame": 40,
            "HorizontalSpeed": 0.0,
            "VerticalSpeed": 0.0,
            "OverwriteVerticalSpeed": false,
            "OverwriteHorizontalSpeed": false
          }
        ],
        "GravityScale": 0.5,
        "FallScale": 0.5
      },
      "SupplimentaryScript": ""
    },
    {
      "UID": "15155b21-0122-46a6-9170-41408971b163",
      "MoveType": 16,
      "MoveCanCancelInto": 0,
      "SpriteName": "sRussel_NSpecial",
      "Duration": 50,
      "NumberOfFrames": 25,
      "FrameData": [
        {
          "Length": 2,
          "ImageIndex": 1
        },
        {
          "Length": 4,
          "ImageIndex": 2
        },
        {
          "Length": 6,
          "ImageIndex": 3
        },
        {
          "Length": 10,
          "ImageIndex": 4
        },
        {
          "Length": 11,
          "ImageIndex": 5
        },
        {
          "Length": 12,
          "ImageIndex": 6
        },
        {
          "Length": 13,
          "ImageIndex": 7
        },
        {
          "Length": 14,
          "ImageIndex": 8
        },
        {
          "Length": 15,
          "ImageIndex": 9
        },
        {
          "Length": 16,
          "ImageIndex": 10
        },
        {
          "Length": 17,
          "ImageIndex": 11
        },
        {
          "Length": 18,
          "ImageIndex": 12
        },
        {
          "Length": 19,
          "ImageIndex": 13
        },
        {
          "Length": 20,
          "ImageIndex": 14
        },
        {
          "Length": 21,
          "ImageIndex": 15
        },
        {
          "Length": 22,
          "ImageIndex": 16
        },
        {
          "Length": 23,
          "ImageIndex": 17
        },
        {
          "Length": 24,
          "ImageIndex": 18
        },
        {
          "Length": 25,
          "ImageIndex": 19
        },
        {
          "Length": 26,
          "ImageIndex": 20
        },
        {
          "Length": 27,
          "ImageIndex": 21
        },
        {
          "Length": 28,
          "ImageIndex": 22
        },
        {
          "Length": 31,
          "ImageIndex": 23
        },
        {
          "Length": 36,
          "ImageIndex": 24
        },
        {
          "Length": 40,
          "ImageIndex": 25
        }
      ],
      "NumberOfHitboxes": 2,
      "AttackData": [
        {
          "Start": 10,
          "Lifetime": 1,
          "AttackWidth": 35,
          "AttackHeight": 20,
          "WidthOffset": 5,
          "HeightOffset": 2,
          "Group": 1,
          "Damage": 1,
          "AttackHitStop": 2,
          "AttackHitStun": 8,
          "AttackType": 1,
          "BlockStun": 4.0,
          "KnockBack": 1.0,
          "AirKnockbackVertical": -0.5,
          "AirKnockbackHorizontal": 0.5,
          "Launches": false,
          "LaunchKnockbackVertical": 0.0,
          "LaunchKnockbackHorizontal": 0.0,
          "Pushback": 0.0,
          "ParticleXOffset": 20,
          "ParticleYOffset": 10,
          "ParticleEffect": "sHitEffect",
          "ParticleDuration": 5,
          "HoldXOffset": 0,
          "HoldYOffset": 0,
          "MeterGain": 1.0,
          "ComboScaling": 0.0,
          "CausesWallbounce": false
        },
        {
          "Start": 31,
          "Lifetime": 4,
          "AttackWidth": 35,
          "AttackHeight": 20,
          "WidthOffset": 5,
          "HeightOffset": 2,
          "Group": 2,
          "Damage": 3,
          "AttackHitStop": 12,
          "AttackHitStun": 19,
          "AttackType": 1,
          "BlockStun": 10.0,
          "KnockBack": 4.0,
          "AirKnockbackVertical": -1.0,
          "AirKnockbackHorizontal": 2.0,
          "Launches": false,
          "LaunchKnockbackVertical": 0.0,
          "LaunchKnockbackHorizontal": 0.0,
          "Pushback": 3.0,
          "ParticleXOffset": 20,
          "ParticleYOffset": 10,
          "ParticleEffect": "sHitEffect",
          "ParticleDuration": 5,
          "HoldXOffset": 0,
          "HoldYOffset": 0,
          "MeterGain": 4.0,
          "ComboScaling": 2.0,
          "CausesWallbounce": false
        }
      ],
      "CounterData": [
        {
          "CounterHitLevel": 3,
          "Group": 1,
          "Damage": 3,
          "MeterGain": 3.0,
          "AttackHitStop": 30,
          "AttackHitStun": 14,
          "KnockBack": 0.0,
          "AirKnockbackVertical": 0.0,
          "AirKnockbackHorizontal": 0.0,
          "Pushback": 0.0,
          "ParticleXOffset": 18,
          "ParticleYOffset": 10,
          "ParticleEffect": "sHitEffect",
          "ParticleDuration": 10,
          "Launches": false,
          "LaunchKnockbackVertical": 0.0,
          "LaunchKnockbackHorizontal": 0.0,
          "ComboScaling": 1.0,
          "CausesWallbounce": false
        },
        {
          "CounterHitLevel": 3,
          "Group": 2,
          "Damage": 6,
          "MeterGain": 6.0,
          "AttackHitStop": 30,
          "AttackHitStun": 21,
          "KnockBack": 5.0,
          "AirKnockbackVertical": -2.0,
          "AirKnockbackHorizontal": 4.0,
          "Pushback": 3.0,
          "ParticleXOffset": 18,
          "ParticleYOffset": 10,
          "ParticleEffect": "sHitEffect",
          "ParticleDuration": 10,
          "Launches": true,
          "LaunchKnockbackVertical": -1.0,
          "LaunchKnockbackHorizontal": 5.0,
          "ComboScaling": 1.0,
          "CausesWallbounce": false
        }
      ],
      "IsThrow": false,
      "OpponentPositionData": {
        "DistanceFromWall": 0.0,
        "ThrowOffset": 0,
        "NumberOfFrames": 0,
        "Frames": []
      },
      "NumberOfHurtboxes": 1,
      "HurtboxData": [
        {
          "Start": 10,
          "Lifetime": 16,
          "AttackWidth": 30,
          "AttackHeight": 30,
          "WidthOffset": 6,
          "HeightOffset": 2
        }
      ],
      "NumberOfProjectiles": 0,
      "ProjectileData": [],
      "RehitData": {
        "HitBox": 1,
        "NumberOfHits": 8,
        "HitOnFrames": [
          12,
          14,
          16,
          18,
          20,
          22,
          24,
          26
        ]
      },
      "GroundMovementData": {
        "NumberOfWindows": 0,
        "Windows": [],
        "GravityScale": 0.0,
        "FallScale": 0.0
      },
      "AirMovementData": {
        "NumberOfWindows": 3,
        "Windows": [
          {
            "StartingFrame": 0,
            "HorizontalSpeed": 0.0,
            "VerticalSpeed": 0.0,
            "OverwriteVerticalSpeed": true,
            "OverwriteHorizontalSpeed": false
          },
          {
            "StartingFrame": 1,
            "HorizontalSpeed": 0.0,
            "VerticalSpeed": -2.0,
            "OverwriteVerticalSpeed": true,
            "OverwriteHorizontalSpeed": false
          },
          {
            "StartingFrame": 2,
            "HorizontalSpeed": 0.0,
            "VerticalSpeed": 0.0,
            "OverwriteVerticalSpeed": false,
            "OverwriteHorizontalSpeed": false
          }
        ],
        "GravityScale": 1.0,
        "FallScale": 0.5
      },
      "SupplimentaryScript": ""
    },
    {
      "UID": "e7e60079-de4c-404e-91ba-e42e4a564899",
      "MoveType": 64,
      "MoveCanCancelInto": 0,
      "SpriteName": "sRussel_Standing_Light2",
      "Duration": 14,
      "NumberOfFrames": 4,
      "FrameData": [
        {
          "Length": 0,
          "ImageIndex": 0
        },
        {
          "Length": 2,
          "ImageIndex": 1
        },
        {
          "Length": 6,
          "ImageIndex": 2
        },
        {
          "Length": 12,
          "ImageIndex": 3
        }
      ],
      "NumberOfHitboxes": 1,
      "AttackData": [
        {
          "Start": 2,
          "Lifetime": 4,
          "AttackWidth": 25,
          "AttackHeight": 8,
          "WidthOffset": 12,
          "HeightOffset": 15,
          "Group": 1,
          "Damage": 3,
          "AttackHitStop": 10,
          "AttackHitStun": 14,
          "AttackType": 1,
          "BlockStun": 9.0,
          "KnockBack": -2.0,
          "AirKnockbackVertical": 0.0,
          "AirKnockbackHorizontal": 1.0,
          "Launches": false,
          "LaunchKnockbackVertical": 0.0,
          "LaunchKnockbackHorizontal": 0.0,
          "Pushback": 2.0,
          "ParticleXOffset": 3,
          "ParticleYOffset": 0,
          "ParticleEffect": "sSmallHitspark",
          "ParticleDuration": 5,
          "HoldXOffset": 0,
          "HoldYOffset": 0,
          "MeterGain": 4.0,
          "ComboScaling": 2.0,
          "CausesWallbounce": false
        }
      ],
      "CounterData": [
        {
          "CounterHitLevel": 1,
          "Group": 1,
          "Damage": 4,
          "MeterGain": 6.0,
          "AttackHitStop": 12,
          "AttackHitStun": 14,
          "KnockBack": -2.0,
          "AirKnockbackVertical": 0.0,
          "AirKnockbackHorizontal": 1.0,
          "Pushback": 0.0,
          "ParticleXOffset": 18,
          "ParticleYOffset": 10,
          "ParticleEffect": "sHitEffect",
          "ParticleDuration": 10,
          "Launches": false,
          "LaunchKnockbackVertical": -1.0,
          "LaunchKnockbackHorizontal": 5.0,
          "ComboScaling": 1.0,
          "CausesWallbounce": false
        }
      ],
      "IsThrow": false,
      "OpponentPositionData": {
        "DistanceFromWall": 0.0,
        "ThrowOffset": 0,
        "NumberOfFrames": 0,
        "Frames": []
      },
      "NumberOfHurtboxes": 1,
      "HurtboxData": [
        {
          "Start": 2,
          "Lifetime": 8,
          "AttackWidth": 28,
          "AttackHeight": 10,
          "WidthOffset": 4,
          "HeightOffset": 12
        }
      ],
      "NumberOfProjectiles": 0,
      "ProjectileData": [],
      "RehitData": {
        "HitBox": 0,
        "NumberOfHits": 0,
        "HitOnFrames": []
      },
      "GroundMovementData": {
        "NumberOfWindows": 0,
        "Windows": [],
        "GravityScale": 0.0,
        "FallScale": 0.0
      },
      "AirMovementData": {
        "NumberOfWindows": 0,
        "Windows": [],
        "GravityScale": 0.0,
        "FallScale": 0.0
      },
      "SupplimentaryScript": ""
    },
    {
      "UID": "303b54ea-442b-4669-9d47-ae3eac71217d",
      "MoveType": 128,
      "MoveCanCancelInto": 0,
      "SpriteName": "sRussel_Standing_Light3",
      "Duration": 22,
      "NumberOfFrames": 4,
      "FrameData": [
        {
          "Length": 3,
          "ImageIndex": 1
        },
        {
          "Length": 6,
          "ImageIndex": 2
        },
        {
          "Length": 9,
          "ImageIndex": 3
        },
        {
          "Length": 18,
          "ImageIndex": 4
        }
      ],
      "NumberOfHitboxes": 1,
      "AttackData": [
        {
          "Start": 6,
          "Lifetime": 3,
          "AttackWidth": 27,
          "AttackHeight": 8,
          "WidthOffset": 12,
          "HeightOffset": 15,
          "Group": 1,
          "Damage": 3,
          "AttackHitStop": 14,
          "AttackHitStun": 14,
          "AttackType": 1,
          "BlockStun": 9.0,
          "KnockBack": 0.0,
          "AirKnockbackVertical": 0.0,
          "AirKnockbackHorizontal": 1.0,
          "Launches": true,
          "LaunchKnockbackVertical": -3.0,
          "LaunchKnockbackHorizontal": 0.1,
          "Pushback": 2.0,
          "ParticleXOffset": 10,
          "ParticleYOffset": 0,
          "ParticleEffect": "sHitEffect",
          "ParticleDuration": 5,
          "HoldXOffset": 0,
          "HoldYOffset": 0,
          "MeterGain": 4.0,
          "ComboScaling": 2.0,
          "CausesWallbounce": false
        }
      ],
      "CounterData": [
        {
          "CounterHitLevel": 1,
          "Group": 1,
          "Damage": 6,
          "MeterGain": 8.0,
          "AttackHitStop": 18,
          "AttackHitStun": 14,
          "KnockBack": 0.0,
          "AirKnockbackVertical": 0.0,
          "AirKnockbackHorizontal": 1.0,
          "Pushback": 2.0,
          "ParticleXOffset": 10,
          "ParticleYOffset": 0,
          "ParticleEffect": "sHitEffect",
          "ParticleDuration": 5,
          "Launches": true,
          "LaunchKnockbackVertical": -3.0,
          "LaunchKnockbackHorizontal": 0.1,
          "ComboScaling": 1.0,
          "CausesWallbounce": false
        }
      ],
      "IsThrow": false,
      "OpponentPositionData": {
        "DistanceFromWall": 0.0,
        "ThrowOffset": 0,
        "NumberOfFrames": 0,
        "Frames": []
      },
      "NumberOfHurtboxes": 1,
      "HurtboxData": [
        {
          "Start": 6,
          "Lifetime": 8,
          "AttackWidth": 10,
          "AttackHeight": 35,
          "WidthOffset": 4,
          "HeightOffset": 0
        }
      ],
      "NumberOfProjectiles": 0,
      "ProjectileData": [],
      "RehitData": {
        "HitBox": 0,
        "NumberOfHits": 0,
        "HitOnFrames": []
      },
      "GroundMovementData": {
        "NumberOfWindows": 0,
        "Windows": [],
        "GravityScale": 0.0,
        "FallScale": 0.0
      },
      "AirMovementData": {
        "NumberOfWindows": 0,
        "Windows": [],
        "GravityScale": 0.0,
        "FallScale": 0.0
      },
      "SupplimentaryScript": ""
    },
    {
      "UID": "40206a36-b3e0-4ea4-98c1-09e0095f218b",
      "MoveType": 256,
      "MoveCanCancelInto": 0,
      "SpriteName": "sRussel_Standing_Medium",
      "Duration": 21,
      "NumberOfFrames": 6,
      "FrameData": [
        {
          "Length": 2,
          "ImageIndex": 1
        },
        {
          "Length": 5,
          "ImageIndex": 2
        },
        {
          "Length": 9,
          "ImageIndex": 3
        },
        {
          "Length": 12,
          "ImageIndex": 4
        },
        {
          "Length": 15,
          "ImageIndex": 5
        },
        {
          "Length": 18,
          "ImageIndex": 6
        }
      ],
      "NumberOfHitboxes": 1,
      "AttackData": [
        {
          "Start": 5,
          "Lifetime": 4,
          "AttackWidth": 20,
          "AttackHeight": 8,
          "WidthOffset": 10,
          "HeightOffset": 12,
          "Group": 1,
          "Damage": 6,
          "AttackHitStop": 11,
          "AttackHitStun": 21,
          "AttackType": 1,
          "BlockStun": 16.0,
          "KnockBack": 4.0,
          "AirKnockbackVertical": -2.0,
          "AirKnockbackHorizontal": 2.0,
          "Launches": false,
          "LaunchKnockbackVertical": 0.0,
          "LaunchKnockbackHorizontal": 0.0,
          "Pushback": 2.0,
          "ParticleXOffset": 10,
          "ParticleYOffset": 0,
          "ParticleEffect": "sHitEffect",
          "ParticleDuration": 5,
          "HoldXOffset": 0,
          "HoldYOffset": 0,
          "MeterGain": 6.0,
          "ComboScaling": 1.0,
          "CausesWallbounce": false
        }
      ],
      "CounterData": [
        {
          "CounterHitLevel": 2,
          "Group": 1,
          "Damage": 10,
          "MeterGain": 12.0,
          "AttackHitStop": 21,
          "AttackHitStun": 26,
          "KnockBack": 4.0,
          "AirKnockbackVertical": -2.0,
          "AirKnockbackHorizontal": 2.0,
          "Pushback": 2.0,
          "ParticleXOffset": 10,
          "ParticleYOffset": 0,
          "ParticleEffect": "sHitEffect",
          "ParticleDuration": 5,
          "Launches": false,
          "LaunchKnockbackVertical": -1.0,
          "LaunchKnockbackHorizontal": 5.0,
          "ComboScaling": 1.0,
          "CausesWallbounce": false
        }
      ],
      "IsThrow": false,
      "OpponentPositionData": {
        "DistanceFromWall": 0.0,
        "ThrowOffset": 0,
        "NumberOfFrames": 0,
        "Frames": []
      },
      "NumberOfHurtboxes": 1,
      "HurtboxData": [
        {
          "Start": 5,
          "Lifetime": 13,
          "AttackWidth": 22,
          "AttackHeight": 6,
          "WidthOffset": 4,
          "HeightOffset": 12
        }
      ],
      "NumberOfProjectiles": 0,
      "ProjectileData": [],
      "RehitData": {
        "HitBox": 0,
        "NumberOfHits": 0,
        "HitOnFrames": []
      },
      "GroundMovementData": {
        "NumberOfWindows": 3,
        "Windows": [
          {
            "StartingFrame": 0,
            "HorizontalSpeed": 0.0,
            "VerticalSpeed": 0.0,
            "OverwriteVerticalSpeed": true,
            "OverwriteHorizontalSpeed": false
          },
          {
            "StartingFrame": 4,
            "HorizontalSpeed": 1.0,
            "VerticalSpeed": 0.0,
            "OverwriteVerticalSpeed": true,
            "OverwriteHorizontalSpeed": false
          },
          {
            "StartingFrame": 5,
            "HorizontalSpeed": 0.0,
            "VerticalSpeed": 0.0,
            "OverwriteVerticalSpeed": true,
            "OverwriteHorizontalSpeed": false
          }
        ],
        "GravityScale": 1.0,
        "FallScale": 1.0
      },
      "AirMovementData": {
        "NumberOfWindows": 0,
        "Windows": [],
        "GravityScale": 0.0,
        "FallScale": 0.0
      },
      "SupplimentaryScript": ""
    },
    {
      "UID": "2c9972af-1709-4bc3-902d-f52ba5b41992",
      "MoveType": 512,
      "MoveCanCancelInto": 0,
      "SpriteName": "sRussel_Standing_Heavy",
      "Duration": 39,
      "NumberOfFrames": 7,
      "FrameData": [
        {
          "Length": 2,
          "ImageIndex": 1
        },
        {
          "Length": 6,
          "ImageIndex": 2
        },
        {
          "Length": 12,
          "ImageIndex": 3
        },
        {
          "Length": 15,
          "ImageIndex": 4
        },
        {
          "Length": 18,
          "ImageIndex": 5
        },
        {
          "Length": 25,
          "ImageIndex": 6
        },
        {
          "Length": 33,
          "ImageIndex": 7
        }
      ],
      "NumberOfHitboxes": 1,
      "AttackData": [
        {
          "Start": 12,
          "Lifetime": 5,
          "AttackWidth": 23,
          "AttackHeight": 20,
          "WidthOffset": -1,
          "HeightOffset": 0,
          "Group": 1,
          "Damage": 14,
          "AttackHitStop": 18,
          "AttackHitStun": 14,
          "AttackType": 1,
          "BlockStun": 20.0,
          "KnockBack": 5.0,
          "AirKnockbackVertical": -2.0,
          "AirKnockbackHorizontal": 3.0,
          "Launches": true,
          "LaunchKnockbackVertical": -1.0,
          "LaunchKnockbackHorizontal": 3.0,
          "Pushback": 3.0,
          "ParticleXOffset": 18,
          "ParticleYOffset": 10,
          "ParticleEffect": "sHitEffect",
          "ParticleDuration": 5,
          "HoldXOffset": 0,
          "HoldYOffset": 0,
          "MeterGain": 10.0,
          "ComboScaling": 1.0,
          "CausesWallbounce": false
        }
      ],
      "CounterData": [
        {
          "CounterHitLevel": 3,
          "Group": 1,
          "Damage": 20,
          "MeterGain": 12.0,
          "AttackHitStop": 30,
          "AttackHitStun": 14,
          "KnockBack": 5.0,
          "AirKnockbackVertical": -2.0,
          "AirKnockbackHorizontal": 4.0,
          "Pushback": 3.0,
          "ParticleXOffset": 18,
          "ParticleYOffset": 10,
          "ParticleEffect": "sHitEffect",
          "ParticleDuration": 10,
          "Launches": true,
          "LaunchKnockbackVertical": -1.0,
          "LaunchKnockbackHorizontal": 5.0,
          "ComboScaling": 1.0,
          "CausesWallbounce": false
        }
      ],
      "IsThrow": false,
      "OpponentPositionData": {
        "DistanceFromWall": 0.0,
        "ThrowOffset": 0,
        "NumberOfFrames": 0,
        "Frames": []
      },
      "NumberOfHurtboxes": 1,
      "HurtboxData": [
        {
          "Start": 12,
          "Lifetime": 19,
          "AttackWidth": 22,
          "AttackHeight": 16,
          "WidthOffset": -1,
          "HeightOffset": 0
        }
      ],
      "NumberOfProjectiles": 0,
      "ProjectileData": [],
      "RehitData": {
        "HitBox": 0,
        "NumberOfHits": 0,
        "HitOnFrames": []
      },
      "GroundMovementData": {
        "NumberOfWindows": 3,
        "Windows": [
          {
            "StartingFrame": 0,
            "HorizontalSpeed": 0.0,
            "VerticalSpeed": 0.0,
            "OverwriteVerticalSpeed": true,
            "OverwriteHorizontalSpeed": false
          },
          {
            "StartingFrame": 12,
            "HorizontalSpeed": 24.0,
            "VerticalSpeed": 0.0,
            "OverwriteVerticalSpeed": true,
            "OverwriteHorizontalSpeed": true
          },
          {
            "StartingFrame": 13,
            "HorizontalSpeed": 0.0,
            "VerticalSpeed": 0.0,
            "OverwriteVerticalSpeed": true,
            "OverwriteHorizontalSpeed": true
          }
        ],
        "GravityScale": 1.0,
        "FallScale": 1.0
      },
      "AirMovementData": {
        "NumberOfWindows": 0,
        "Windows": [],
        "GravityScale": 0.0,
        "FallScale": 0.0
      },
      "SupplimentaryScript": ""
    },
    {
      "UID": "6473b048-2338-423e-8180-d0678ede1588",
      "MoveType": 1024,
      "MoveCanCancelInto": 0,
      "SpriteName": "sRussel_Crouching_Light",
      "Duration": 9,
      "NumberOfFrames": 3,
      "FrameData": [
        {
          "Length": 4,
          "ImageIndex": 1
        },
        {
          "Length": 6,
          "ImageIndex": 2
        },
        {
          "Length": 8,
          "ImageIndex": 3
        }
      ],
      "NumberOfHitboxes": 1,
      "AttackData": [
        {
          "Start": 4,
          "Lifetime": 2,
          "AttackWidth": 20,
          "AttackHeight": 5,
          "WidthOffset": 8,
          "HeightOffset": 0,
          "Group": 1,
          "Damage": 4,
          "AttackHitStop": 6,
          "AttackHitStun": 11,
          "AttackType": 2,
          "BlockStun": 6.0,
          "KnockBack": 2.0,
          "AirKnockbackVertical": -2.0,
          "AirKnockbackHorizontal": 1.0,
          "Launches": false,
          "LaunchKnockbackVertical": 0.0,
          "LaunchKnockbackHorizontal": 0.0,
          "Pushback": 1.0,
          "ParticleXOffset": 5,
          "ParticleYOffset": 0,
          "ParticleEffect": "sSmallHitspark",
          "ParticleDuration": 5,
          "HoldXOffset": 0,
          "HoldYOffset": 0,
          "MeterGain": 4.0,
          "ComboScaling": 2.0,
          "CausesWallbounce": false
        }
      ],
      "CounterData": [
        {
          "CounterHitLevel": 1,
          "Group": 1,
          "Damage": 6,
          "MeterGain": 6.0,
          "AttackHitStop": 8,
          "AttackHitStun": 14,
          "KnockBack": 2.0,
          "AirKnockbackVertical": -2.0,
          "AirKnockbackHorizontal": 1.0,
          "Pushback": 1.0,
          "ParticleXOffset": 5,
          "ParticleYOffset": 0,
          "ParticleEffect": "sSmallHitspark",
          "ParticleDuration": 5,
          "Launches": false,
          "LaunchKnockbackVertical": -1.0,
          "LaunchKnockbackHorizontal": 5.0,
          "ComboScaling": 2.0,
          "CausesWallbounce": false
        }
      ],
      "IsThrow": false,
      "OpponentPositionData": {
        "DistanceFromWall": 0.0,
        "ThrowOffset": 0,
        "NumberOfFrames": 0,
        "Frames": []
      },
      "NumberOfHurtboxes": 1,
      "HurtboxData": [
        {
          "Start": 4,
          "Lifetime": 4,
          "AttackWidth": 25,
          "AttackHeight": 10,
          "WidthOffset": 4,
          "HeightOffset": 0
        }
      ],
      "NumberOfProjectiles": 0,
      "ProjectileData": [],
      "RehitData": {
        "HitBox": 0,
        "NumberOfHits": 0,
        "HitOnFrames": []
      },
      "GroundMovementData": {
        "NumberOfWindows": 0,
        "Windows": [],
        "GravityScale": 0.0,
        "FallScale": 0.0
      },
      "AirMovementData": {
        "NumberOfWindows": 0,
        "Windows": [],
        "GravityScale": 0.0,
        "FallScale": 0.0
      },
      "SupplimentaryScript": ""
    },
    {
      "UID": "1e5281af-724d-4b39-b9eb-49c211f021a9",
      "MoveType": 2048,
      "MoveCanCancelInto": 0,
      "SpriteName": "sRussel_Crouching_Medium",
      "Duration": 27,
      "NumberOfFrames": 10,
      "FrameData": [
        {
          "Length": 3,
          "ImageIndex": 1
        },
        {
          "Length": 5,
          "ImageIndex": 2
        },
        {
          "Length": 7,
          "ImageIndex": 3
        },
        {
          "Length": 9,
          "ImageIndex": 4
        },
        {
          "Length": 10,
          "ImageIndex": 5
        },
        {
          "Length": 11,
          "ImageIndex": 6
        },
        {
          "Length": 14,
          "ImageIndex": 7
        },
        {
          "Length": 17,
          "ImageIndex": 8
        },
        {
          "Length": 21,
          "ImageIndex": 9
        },
        {
          "Length": 24,
          "ImageIndex": 10
        }
      ],
      "NumberOfHitboxes": 2,
      "AttackData": [
        {
          "Start": 7,
          "Lifetime": 2,
          "AttackWidth": 16,
          "AttackHeight": 10,
          "WidthOffset": 9,
          "HeightOffset": 10,
          "Group": 1,
          "Damage": 10,
          "AttackHitStop": 11,
          "AttackHitStun": 18,
          "AttackType": 1,
          "BlockStun": 12.0,
          "KnockBack": 4.0,
          "AirKnockbackVertical": -2.5,
          "AirKnockbackHorizontal": 0.75,
          "Launches": true,
          "LaunchKnockbackVertical": -4.0,
          "LaunchKnockbackHorizontal": 0.5,
          "Pushback": 2.0,
          "ParticleXOffset": 10,
          "ParticleYOffset": 0,
          "ParticleEffect": "sHitEffect",
          "ParticleDuration": 5,
          "HoldXOffset": 0,
          "HoldYOffset": 0,
          "MeterGain": 8.0,
          "ComboScaling": 2.0,
          "CausesWallbounce": false
        },
        {
          "Start": 9,
          "Lifetime": 2,
          "AttackWidth": 15,
          "AttackHeight": 24,
          "WidthOffset": 6,
          "HeightOffset": 18,
          "Group": 1,
          "Damage": 10,
          "AttackHitStop": 11,
          "AttackHitStun": 18,
          "AttackType": 1,
          "BlockStun": 12.0,
          "KnockBack": 4.0,
          "AirKnockbackVertical": -2.5,
          "AirKnockbackHorizontal": 0.75,
          "Launches": false,
          "LaunchKnockbackVertical": 0.0,
          "LaunchKnockbackHorizontal": 0.0,
          "Pushback": 2.0,
          "ParticleXOffset": 10,
          "ParticleYOffset": 0,
          "ParticleEffect": "sHitEffect",
          "ParticleDuration": 5,
          "HoldXOffset": 0,
          "HoldYOffset": 0,
          "MeterGain": 6.0,
          "ComboScaling": 2.0,
          "CausesWallbounce": false
        }
      ],
      "CounterData": [
        {
          "CounterHitLevel": 2,
          "Group": 1,
          "Damage": 12,
          "MeterGain": 12.0,
          "AttackHitStop": 25,
          "AttackHitStun": 14,
          "KnockBack": 5.0,
          "AirKnockbackVertical": -2.0,
          "AirKnockbackHorizontal": 4.0,
          "Pushback": 3.0,
          "ParticleXOffset": 18,
          "ParticleYOffset": 10,
          "ParticleEffect": "sHitEffect",
          "ParticleDuration": 10,
          "Launches": true,
          "LaunchKnockbackVertical": -6.0,
          "LaunchKnockbackHorizontal": 0.0,
          "ComboScaling": 2.0,
          "CausesWallbounce": false
        },
        {
          "CounterHitLevel": 2,
          "Group": 1,
          "Damage": 12,
          "MeterGain": 12.0,
          "AttackHitStop": 18,
          "AttackHitStun": 14,
          "KnockBack": 5.0,
          "AirKnockbackVertical": -2.0,
          "AirKnockbackHorizontal": 4.0,
          "Pushback": 3.0,
          "ParticleXOffset": 18,
          "ParticleYOffset": 10,
          "ParticleEffect": "sHitEffect",
          "ParticleDuration": 10,
          "Launches": true,
          "LaunchKnockbackVertical": -6.0,
          "LaunchKnockbackHorizontal": 0.0,
          "ComboScaling": 1.0,
          "CausesWallbounce": false
        }
      ],
      "IsThrow": false,
      "OpponentPositionData": {
        "DistanceFromWall": 0.0,
        "ThrowOffset": 0,
        "NumberOfFrames": 0,
        "Frames": []
      },
      "NumberOfHurtboxes": 1,
      "HurtboxData": [
        {
          "Start": 5,
          "Lifetime": 13,
          "AttackWidth": 15,
          "AttackHeight": 20,
          "WidthOffset": 4,
          "HeightOffset": 0
        }
      ],
      "NumberOfProjectiles": 0,
      "ProjectileData": [],
      "RehitData": {
        "HitBox": 0,
        "NumberOfHits": 0,
        "HitOnFrames": []
      },
      "GroundMovementData": {
        "NumberOfWindows": 0,
        "Windows": [],
        "GravityScale": 0.0,
        "FallScale": 0.0
      },
      "AirMovementData": {
        "NumberOfWindows": 0,
        "Windows": [],
        "GravityScale": 0.0,
        "FallScale": 0.0
      },
      "SupplimentaryScript": ""
    },
    {
      "UID": "5dced8f6-ad9e-41be-abee-3d00412aca1e",
      "MoveType": 4096,
      "MoveCanCancelInto": 0,
      "SpriteName": "sRussel_Crouching_Heavy",
      "Duration": 34,
      "NumberOfFrames": 10,
      "FrameData": [
        {
          "Length": 5,
          "ImageIndex": 1
        },
        {
          "Length": 9,
          "ImageIndex": 2
        },
        {
          "Length": 10,
          "ImageIndex": 3
        },
        {
          "Length": 12,
          "ImageIndex": 4
        },
        {
          "Length": 16,
          "ImageIndex": 5
        },
        {
          "Length": 20,
          "ImageIndex": 6
        },
        {
          "Length": 24,
          "ImageIndex": 7
        },
        {
          "Length": 26,
          "ImageIndex": 8
        },
        {
          "Length": 28,
          "ImageIndex": 9
        },
        {
          "Length": 32,
          "ImageIndex": 10
        }
      ],
      "NumberOfHitboxes": 1,
      "AttackData": [
        {
          "Start": 9,
          "Lifetime": 2,
          "AttackWidth": 30,
          "AttackHeight": 5,
          "WidthOffset": 8,
          "HeightOffset": 0,
          "Group": 1,
          "Damage": 10,
          "AttackHitStop": 14,
          "AttackHitStun": 11,
          "AttackType": 2,
          "BlockStun": 8.0,
          "KnockBack": 2.0,
          "AirKnockbackVertical": -2.0,
          "AirKnockbackHorizontal": 1.0,
          "Launches": true,
          "LaunchKnockbackVertical": -1.0,
          "LaunchKnockbackHorizontal": 1.0,
          "Pushback": 4.0,
          "ParticleXOffset": 20,
          "ParticleYOffset": 10,
          "ParticleEffect": "sHitEffect",
          "ParticleDuration": 5,
          "HoldXOffset": 0,
          "HoldYOffset": 0,
          "MeterGain": 8.0,
          "ComboScaling": 1.0,
          "CausesWallbounce": false
        }
      ],
      "CounterData": [
        {
          "CounterHitLevel": 3,
          "Group": 1,
          "Damage": 14,
          "MeterGain": 14.0,
          "AttackHitStop": 30,
          "AttackHitStun": 14,
          "KnockBack": 5.0,
          "AirKnockbackVertical": -2.0,
          "AirKnockbackHorizontal": 1.0,
          "Pushback": 4.0,
          "ParticleXOffset": 18,
          "ParticleYOffset": 10,
          "ParticleEffect": "sHitEffect",
          "ParticleDuration": 10,
          "Launches": true,
          "LaunchKnockbackVertical": -2.0,
          "LaunchKnockbackHorizontal": 1.0,
          "ComboScaling": 1.0,
          "CausesWallbounce": false
        }
      ],
      "IsThrow": false,
      "OpponentPositionData": {
        "DistanceFromWall": 0.0,
        "ThrowOffset": 0,
        "NumberOfFrames": 0,
        "Frames": []
      },
      "NumberOfHurtboxes": 2,
      "HurtboxData": [
        {
          "Start": 9,
          "Lifetime": 3,
          "AttackWidth": 40,
          "AttackHeight": 15,
          "WidthOffset": -1,
          "HeightOffset": 0
        },
        {
          "Start": 12,
          "Lifetime": 4,
          "AttackWidth": 20,
          "AttackHeight": 15,
          "WidthOffset": -1,
          "HeightOffset": 0
        }
      ],
      "NumberOfProjectiles": 0,
      "ProjectileData": [],
      "RehitData": {
        "HitBox": 0,
        "NumberOfHits": 0,
        "HitOnFrames": []
      },
      "GroundMovementData": {
        "NumberOfWindows": 0,
        "Windows": [],
        "GravityScale": 0.0,
        "FallScale": 0.0
      },
      "AirMovementData": {
        "NumberOfWindows": 0,
        "Windows": [],
        "GravityScale": 0.0,
        "FallScale": 0.0
      },
      "SupplimentaryScript": ""
    },
    {
      "UID": "e39ebf44-6979-4ff8-8a1b-58b4477fe2cf",
      "MoveType": 8192,
      "MoveCanCancelInto": 0,
      "SpriteName": "sRussel_Jumping_Light",
      "Duration": 999,
      "NumberOfFrames": 2,
      "FrameData": [
        {
          "Length": 4,
          "ImageIndex": 1
        },
        {
          "Length": 8,
          "ImageIndex": 2
        }
      ],
      "NumberOfHitboxes": 1,
      "AttackData": [
        {
          "Start": 6,
          "Lifetime": 20,
          "AttackWidth": 12,
          "AttackHeight": 10,
          "WidthOffset": 6,
          "HeightOffset": 3,
          "Group": 1,
          "Damage": 5,
          "AttackHitStop": 6,
          "AttackHitStun": 7,
          "AttackType": 0,
          "BlockStun": 3.0,
          "KnockBack": 2.0,
          "AirKnockbackVertical": 0.0,
          "AirKnockbackHorizontal": 1.0,
          "Launches": false,
          "LaunchKnockbackVertical": 0.0,
          "LaunchKnockbackHorizontal": 0.0,
          "Pushback": 1.0,
          "ParticleXOffset": 0,
          "ParticleYOffset": 0,
          "ParticleEffect": "sSmallHitspark",
          "ParticleDuration": 5,
          "HoldXOffset": 0,
          "HoldYOffset": 0,
          "MeterGain": 4.0,
          "ComboScaling": 3.0,
          "CausesWallbounce": false
        }
      ],
      "CounterData": [
        {
          "CounterHitLevel": 1,
          "Group": 1,
          "Damage": 7,
          "MeterGain": 7.0,
          "AttackHitStop": 8,
          "AttackHitStun": 6,
          "KnockBack": 2.0,
          "AirKnockbackVertical": -1.0,
          "AirKnockbackHorizontal": 1.0,
          "Pushback": 1.0,
          "ParticleXOffset": 0,
          "ParticleYOffset": 0,
          "ParticleEffect": "sSmallHitspark",
          "ParticleDuration": 5,
          "Launches": false,
          "LaunchKnockbackVertical": -1.0,
          "LaunchKnockbackHorizontal": 5.0,
          "ComboScaling": 3.0,
          "CausesWallbounce": false
        }
      ],
      "IsThrow": false,
      "OpponentPositionData": {
        "DistanceFromWall": 0.0,
        "ThrowOffset": 0,
        "NumberOfFrames": 0,
        "Frames": []
      },
      "NumberOfHurtboxes": 1,
      "HurtboxData": [
        {
          "Start": 3,
          "Lifetime": 20,
          "AttackWidth": 36,
          "AttackHeight": 20,
          "WidthOffset": -18,
          "HeightOffset": 6
        }
      ],
      "NumberOfProjectiles": 0,
      "ProjectileData": [],
      "RehitData": {
        "HitBox": 0,
        "NumberOfHits": 0,
        "HitOnFrames": []
      },
      "GroundMovementData": {
        "NumberOfWindows": 0,
        "Windows": [],
        "GravityScale": 0.0,
        "FallScale": 0.0
      },
      "AirMovementData": {
        "NumberOfWindows": 0,
        "Windows": [],
        "GravityScale": 0.0,
        "FallScale": 0.0
      },
      "SupplimentaryScript": ""
    },
    {
      "UID": "f24751ba-aff2-4d43-938a-377cca031b32",
      "MoveType": 16384,
      "MoveCanCancelInto": 0,
      "SpriteName": "sRussel_Jumping_Medium",
      "Duration": 27,
      "NumberOfFrames": 6,
      "FrameData": [
        {
          "Length": 4,
          "ImageIndex": 1
        },
        {
          "Length": 8,
          "ImageIndex": 2
        },
        {
          "Length": 12,
          "ImageIndex": 3
        },
        {
          "Length": 15,
          "ImageIndex": 4
        },
        {
          "Length": 18,
          "ImageIndex": 5
        },
        {
          "Length": 21,
          "ImageIndex": 6
        }
      ],
      "NumberOfHitboxes": 1,
      "AttackData": [
        {
          "Start": 8,
          "Lifetime": 6,
          "AttackWidth": 32,
          "AttackHeight": 12,
          "WidthOffset": -6,
          "HeightOffset": 2,
          "Group": 1,
          "Damage": 8,
          "AttackHitStop": 8,
          "AttackHitStun": 10,
          "AttackType": 0,
          "BlockStun": 6.0,
          "KnockBack": 4.0,
          "AirKnockbackVertical": -2.0,
          "AirKnockbackHorizontal": 2.0,
          "Launches": false,
          "LaunchKnockbackVertical": 0.0,
          "LaunchKnockbackHorizontal": 0.0,
          "Pushback": 2.0,
          "ParticleXOffset": 10,
          "ParticleYOffset": 0,
          "ParticleEffect": "sHitEffect",
          "ParticleDuration": 5,
          "HoldXOffset": 0,
          "HoldYOffset": 0,
          "MeterGain": 6.0,
          "ComboScaling": 2.0,
          "CausesWallbounce": false
        }
      ],
      "CounterData": [
        {
          "CounterHitLevel": 2,
          "Group": 1,
          "Damage": 10,
          "MeterGain": 12.0,
          "AttackHitStop": 16,
          "AttackHitStun": 14,
          "KnockBack": 4.0,
          "AirKnockbackVertical": -3.0,
          "AirKnockbackHorizontal": 1.0,
          "Pushback": 1.0,
          "ParticleXOffset": 10,
          "ParticleYOffset": 0,
          "ParticleEffect": "sHitEffect",
          "ParticleDuration": 5,
          "Launches": false,
          "LaunchKnockbackVertical": -1.0,
          "LaunchKnockbackHorizontal": 5.0,
          "ComboScaling": 2.0,
          "CausesWallbounce": false
        }
      ],
      "IsThrow": false,
      "OpponentPositionData": {
        "DistanceFromWall": 0.0,
        "ThrowOffset": 0,
        "NumberOfFrames": 0,
        "Frames": []
      },
      "NumberOfHurtboxes": 1,
      "HurtboxData": [
        {
          "Start": 8,
          "Lifetime": 13,
          "AttackWidth": 34,
          "AttackHeight": 15,
          "WidthOffset": -6,
          "HeightOffset": 2
        }
      ],
      "NumberOfProjectiles": 0,
      "ProjectileData": [],
      "RehitData": {
        "HitBox": 0,
        "NumberOfHits": 0,
        "HitOnFrames": []
      },
      "GroundMovementData": {
        "NumberOfWindows": 0,
        "Windows": [],
        "GravityScale": 0.0,
        "FallScale": 0.0
      },
      "AirMovementData": {
        "NumberOfWindows": 0,
        "Windows": [],
        "GravityScale": 0.0,
        "FallScale": 0.0
      },
      "SupplimentaryScript": ""
    },
    {
      "UID": "45336cf1-0e31-4f33-8d5f-0d8d45e27ecb",
      "MoveType": 32768,
      "MoveCanCancelInto": 0,
      "SpriteName": "sRussel_Jumping_Heavy",
      "Duration": 27,
      "NumberOfFrames": 6,
      "FrameData": [
        {
          "Length": 6,
          "ImageIndex": 1
        },
        {
          "Length": 10,
          "ImageIndex": 2
        },
        {
          "Length": 12,
          "ImageIndex": 3
        },
        {
          "Length": 14,
          "ImageIndex": 4
        },
        {
          "Length": 18,
          "ImageIndex": 5
        },
        {
          "Length": 22,
          "ImageIndex": 6
        }
      ],
      "NumberOfHitboxes": 1,
      "AttackData": [
        {
          "Start": 12,
          "Lifetime": 3,
          "AttackWidth": 15,
          "AttackHeight": 10,
          "WidthOffset": 0,
          "HeightOffset": -10,
          "Group": 1,
          "Damage": 12,
          "AttackHitStop": 11,
          "AttackHitStun": 14,
          "AttackType": 0,
          "BlockStun": 3.0,
          "KnockBack": 4.0,
          "AirKnockbackVertical": 2.0,
          "AirKnockbackHorizontal": 1.0,
          "Launches": false,
          "LaunchKnockbackVertical": 0.0,
          "LaunchKnockbackHorizontal": 0.0,
          "Pushback": 2.0,
          "ParticleXOffset": 10,
          "ParticleYOffset": 0,
          "ParticleEffect": "sHitEffect",
          "ParticleDuration": 5,
          "HoldXOffset": 0,
          "HoldYOffset": 0,
          "MeterGain": 8.0,
          "ComboScaling": 2.0,
          "CausesWallbounce": false
        }
      ],
      "CounterData": [
        {
          "CounterHitLevel": 3,
          "Group": 1,
          "Damage": 16,
          "MeterGain": 20.0,
          "AttackHitStop": 30,
          "AttackHitStun": 14,
          "KnockBack": 4.0,
          "AirKnockbackVertical": 2.0,
          "AirKnockbackHorizontal": 1.0,
          "Pushback": 1.0,
          "ParticleXOffset": 10,
          "ParticleYOffset": 0,
          "ParticleEffect": "sHitEffect",
          "ParticleDuration": 5,
          "Launches": false,
          "LaunchKnockbackVertical": -1.0,
          "LaunchKnockbackHorizontal": 5.0,
          "ComboScaling": 2.0,
          "CausesWallbounce": false
        }
      ],
      "IsThrow": false,
      "OpponentPositionData": {
        "DistanceFromWall": 0.0,
        "ThrowOffset": 0,
        "NumberOfFrames": 0,
        "Frames": []
      },
      "NumberOfHurtboxes": 1,
      "HurtboxData": [
        {
          "Start": 12,
          "Lifetime": 20,
          "AttackWidth": 20,
          "AttackHeight": 25,
          "WidthOffset": -6,
          "HeightOffset": -10
        }
      ],
      "NumberOfProjectiles": 0,
      "ProjectileData": [],
      "RehitData": {
        "HitBox": 0,
        "NumberOfHits": 0,
        "HitOnFrames": []
      },
      "GroundMovementData": {
        "NumberOfWindows": 0,
        "Windows": [],
        "GravityScale": 0.0,
        "FallScale": 0.0
      },
      "AirMovementData": {
        "NumberOfWindows": 0,
        "Windows": [],
        "GravityScale": 0.0,
        "FallScale": 0.0
      },
      "SupplimentaryScript": ""
    },
    {
      "UID": "e2860bd5-89ca-435a-937c-23f22d6de208",
      "MoveType": 262144,
      "MoveCanCancelInto": 0,
      "SpriteName": "sRussel_Grab",
      "Duration": 110,
      "NumberOfFrames": 1,
      "FrameData": [
        {
          "Length": 0,
          "ImageIndex": 0
        }
      ],
      "NumberOfHitboxes": 1,
      "AttackData": [
        {
          "Start": 100,
          "Lifetime": 14,
          "AttackWidth": 40,
          "AttackHeight": 30,
          "WidthOffset": 0,
          "HeightOffset": 0,
          "Group": 1,
          "Damage": 13,
          "AttackHitStop": 20,
          "AttackHitStun": 24,
          "AttackType": 1,
          "BlockStun": 16.0,
          "KnockBack": 6.0,
          "AirKnockbackVertical": -0.5,
          "AirKnockbackHorizontal": 2.0,
          "Launches": true,
          "LaunchKnockbackVertical": -1.5,
          "LaunchKnockbackHorizontal": 2.0,
          "Pushback": 0.0,
          "ParticleXOffset": 20,
          "ParticleYOffset": 10,
          "ParticleEffect": "sHitEffect",
          "ParticleDuration": 5,
          "HoldXOffset": 20,
          "HoldYOffset": 0,
          "MeterGain": 8.0,
          "ComboScaling": 1.0,
          "CausesWallbounce": false
        }
      ],
      "CounterData": [
        {
          "CounterHitLevel": 0,
          "Group": 0,
          "Damage": 0,
          "MeterGain": 0.0,
          "AttackHitStop": 0,
          "AttackHitStun": 0,
          "KnockBack": 0.0,
          "AirKnockbackVertical": 0.0,
          "AirKnockbackHorizontal": 0.0,
          "Pushback": 0.0,
          "ParticleXOffset": 0,
          "ParticleYOffset": 0,
          "ParticleEffect": "",
          "ParticleDuration": 0,
          "Launches": false,
          "LaunchKnockbackVertical": 0.0,
          "LaunchKnockbackHorizontal": 0.0,
          "ComboScaling": 0.0,
          "CausesWallbounce": false
        }
      ],
      "IsThrow": true,
      "OpponentPositionData": {
        "DistanceFromWall": 60.0,
        "ThrowOffset": 0,
        "NumberOfFrames": 2,
        "Frames": [
          {
            "Frame": 0,
            "RelativeX": 20,
            "RelativeY": 0,
            "Sprite": 0,
            "Index": 0,
            "Rotation": 0,
            "XScale": -1
          },
          {
            "Frame": 13,
            "RelativeX": 30,
            "RelativeY": 0,
            "Sprite": 0,
            "Index": 0,
            "Rotation": 0,
            "XScale": -1
          }
        ]
      },
      "NumberOfHurtboxes": 1,
      "HurtboxData": [
        {
          "Start": 1,
          "Lifetime": 1,
          "AttackWidth": 0,
          "AttackHeight": 0,
          "WidthOffset": 0,
          "HeightOffset": 0
        }
      ],
      "NumberOfProjectiles": 0,
      "ProjectileData": [],
      "RehitData": {
        "HitBox": 0,
        "NumberOfHits": 0,
        "HitOnFrames": []
      },
      "GroundMovementData": {
        "NumberOfWindows": 2,
        "Windows": [
          {
            "StartingFrame": 1,
            "HorizontalSpeed": 1.0,
            "VerticalSpeed": -5.0,
            "OverwriteVerticalSpeed": true,
            "OverwriteHorizontalSpeed": false
          },
          {
            "StartingFrame": 2,
            "HorizontalSpeed": 0.0,
            "VerticalSpeed": 0.0,
            "OverwriteVerticalSpeed": false,
            "OverwriteHorizontalSpeed": false
          }
        ],
        "GravityScale": 1.5,
        "FallScale": 10.0
      },
      "AirMovementData": {
        "NumberOfWindows": 2,
        "Windows": [
          {
            "StartingFrame": 1,
            "HorizontalSpeed": 1.0,
            "VerticalSpeed": -5.0,
            "OverwriteVerticalSpeed": true,
            "OverwriteHorizontalSpeed": true
          },
          {
            "StartingFrame": 2,
            "HorizontalSpeed": 0.0,
            "VerticalSpeed": 0.0,
            "OverwriteVerticalSpeed": false,
            "OverwriteHorizontalSpeed": false
          }
        ],
        "GravityScale": 1.5,
        "FallScale": 10.0
      },
      "SupplimentaryScript": ""
    },
    {
      "UID": "df89eb6c-5314-4802-beb4-b2d0e0cd946d",
      "MoveType": 65536,
      "MoveCanCancelInto": 0,
      "SpriteName": "sRussel_UpSpecial",
      "Duration": 110,
      "NumberOfFrames": 14,
      "FrameData": [
        {
          "Length": 3,
          "ImageIndex": 1
        },
        {
          "Length": 6,
          "ImageIndex": 2
        },
        {
          "Length": 9,
          "ImageIndex": 3
        },
        {
          "Length": 12,
          "ImageIndex": 4
        },
        {
          "Length": 15,
          "ImageIndex": 5
        },
        {
          "Length": 18,
          "ImageIndex": 6
        },
        {
          "Length": 21,
          "ImageIndex": 7
        },
        {
          "Length": 24,
          "ImageIndex": 8
        },
        {
          "Length": 27,
          "ImageIndex": 9
        },
        {
          "Length": 30,
          "ImageIndex": 10
        },
        {
          "Length": 33,
          "ImageIndex": 11
        },
        {
          "Length": 36,
          "ImageIndex": 12
        },
        {
          "Length": 39,
          "ImageIndex": 13
        },
        {
          "Length": 42,
          "ImageIndex": 14
        }
      ],
      "NumberOfHitboxes": 1,
      "AttackData": [
        {
          "Start": 12,
          "Lifetime": 14,
          "AttackWidth": 26,
          "AttackHeight": 30,
          "WidthOffset": 0,
          "HeightOffset": 20,
          "Group": 0,
          "Damage": 0,
          "AttackHitStop": 9,
          "AttackHitStun": 24,
          "AttackType": 4,
          "BlockStun": 1.0,
          "KnockBack": 0.0,
          "AirKnockbackVertical": 0.0,
          "AirKnockbackHorizontal": 0.0,
          "Launches": false,
          "LaunchKnockbackVertical": 0.0,
          "LaunchKnockbackHorizontal": 0.0,
          "Pushback": 0.0,
          "ParticleXOffset": 20,
          "ParticleYOffset": 10,
          "ParticleEffect": "sHitEffect",
          "ParticleDuration": 5,
          "HoldXOffset": 20,
          "HoldYOffset": 0,
          "MeterGain": 4.0,
          "ComboScaling": 0.0,
          "CausesWallbounce": false
        }
      ],
      "CounterData": [
        {
          "CounterHitLevel": 0,
          "Group": 0,
          "Damage": 0,
          "MeterGain": 0.0,
          "AttackHitStop": 0,
          "AttackHitStun": 0,
          "KnockBack": 0.0,
          "AirKnockbackVertical": 0.0,
          "AirKnockbackHorizontal": 0.0,
          "Pushback": 0.0,
          "ParticleXOffset": 0,
          "ParticleYOffset": 0,
          "ParticleEffect": "sArcadeBackground",
          "ParticleDuration": 0,
          "Launches": false,
          "LaunchKnockbackVertical": 0.0,
          "LaunchKnockbackHorizontal": 0.0,
          "ComboScaling": 0.0,
          "CausesWallbounce": false
        }
      ],
      "IsThrow": false,
      "OpponentPositionData": {
        "DistanceFromWall": 0.0,
        "ThrowOffset": 0,
        "NumberOfFrames": 0,
        "Frames": []
      },
      "NumberOfHurtboxes": 3,
      "HurtboxData": [
        {
          "Start": 9,
          "Lifetime": 20,
          "AttackWidth": 10,
          "AttackHeight": 20,
          "WidthOffset": 0,
          "HeightOffset": 2
        },
        {
          "Start": 25,
          "Lifetime": 15,
          "AttackWidth": 30,
          "AttackHeight": 30,
          "WidthOffset": -10,
          "HeightOffset": 20
        },
        {
          "Start": 39,
          "Lifetime": 99,
          "AttackWidth": 25,
          "AttackHeight": 25,
          "WidthOffset": -10,
          "HeightOffset": 20
        }
      ],
      "NumberOfProjectiles": 0,
      "ProjectileData": [],
      "RehitData": {
        "HitBox": 0,
        "NumberOfHits": 0,
        "HitOnFrames": []
      },
      "GroundMovementData": {
        "NumberOfWindows": 3,
        "Windows": [
          {
            "StartingFrame": 0,
            "HorizontalSpeed": 0.0,
            "VerticalSpeed": 0.0,
            "OverwriteVerticalSpeed": true,
            "OverwriteHorizontalSpeed": false
          },
          {
            "StartingFrame": 12,
            "HorizontalSpeed": 0.0,
            "VerticalSpeed": -5.0,
            "OverwriteVerticalSpeed": true,
            "OverwriteHorizontalSpeed": true
          },
          {
            "StartingFrame": 13,
            "HorizontalSpeed": 1.0,
            "VerticalSpeed": 0.0,
            "OverwriteVerticalSpeed": false,
            "OverwriteHorizontalSpeed": true
          }
        ],
        "GravityScale": 1.5,
        "FallScale": 0.5
      },
      "AirMovementData": {
        "NumberOfWindows": 3,
        "Windows": [
          {
            "StartingFrame": 0,
            "HorizontalSpeed": 0.0,
            "VerticalSpeed": 0.0,
            "OverwriteVerticalSpeed": true,
            "OverwriteHorizontalSpeed": false
          },
          {
            "StartingFrame": 12,
            "HorizontalSpeed": 0.0,
            "VerticalSpeed": -5.0,
            "OverwriteVerticalSpeed": true,
            "OverwriteHorizontalSpeed": true
          },
          {
            "StartingFrame": 13,
            "HorizontalSpeed": 1.0,
            "VerticalSpeed": 0.0,
            "OverwriteVerticalSpeed": false,
            "OverwriteHorizontalSpeed": true
          }
        ],
        "GravityScale": 1.5,
        "FallScale": 0.5
      },
      "SupplimentaryScript": ""
    },
    {
      "UID": "ee9a2e02-b608-4106-83ee-4d64610a304c",
      "MoveType": 131072,
      "MoveCanCancelInto": 0,
      "SpriteName": "sRussel_NSpecial",
      "Duration": 50,
      "NumberOfFrames": 2,
      "FrameData": [
        {
          "Length": 2,
          "ImageIndex": 1
        },
        {
          "Length": 20,
          "ImageIndex": 4
        }
      ],
      "NumberOfHitboxes": 1,
      "AttackData": [
        {
          "Start": 20,
          "Lifetime": 4,
          "AttackWidth": 35,
          "AttackHeight": 30,
          "WidthOffset": 5,
          "HeightOffset": 2,
          "Group": 1,
          "Damage": 15,
          "AttackHitStop": 20,
          "AttackHitStun": 19,
          "AttackType": 0,
          "BlockStun": 10.0,
          "KnockBack": 1.0,
          "AirKnockbackVertical": -0.5,
          "AirKnockbackHorizontal": 0.5,
          "Launches": false,
          "LaunchKnockbackVertical": 0.0,
          "LaunchKnockbackHorizontal": 0.0,
          "Pushback": 3.0,
          "ParticleXOffset": 20,
          "ParticleYOffset": 10,
          "ParticleEffect": "sHitEffect",
          "ParticleDuration": 5,
          "HoldXOffset": 0,
          "HoldYOffset": 0,
          "MeterGain": 18.0,
          "ComboScaling": 1.0,
          "CausesWallbounce": false
        }
      ],
      "CounterData": [
        {
          "CounterHitLevel": 3,
          "Group": 1,
          "Damage": 20,
          "MeterGain": 20.0,
          "AttackHitStop": 30,
          "AttackHitStun": 25,
          "KnockBack": 1.0,
          "AirKnockbackVertical": 2.0,
          "AirKnockbackHorizontal": 1.0,
          "Pushback": 0.0,
          "ParticleXOffset": 20,
          "ParticleYOffset": 10,
          "ParticleEffect": "sHitEffect",
          "ParticleDuration": 5,
          "Launches": true,
          "LaunchKnockbackVertical": -4.0,
          "LaunchKnockbackHorizontal": 0.75,
          "ComboScaling": 2.0,
          "CausesWallbounce": false
        }
      ],
      "IsThrow": false,
      "OpponentPositionData": {
        "DistanceFromWall": 0.0,
        "ThrowOffset": 0,
        "NumberOfFrames": 0,
        "Frames": []
      },
      "NumberOfHurtboxes": 1,
      "HurtboxData": [
        {
          "Start": 10,
          "Lifetime": 16,
          "AttackWidth": 30,
          "AttackHeight": 30,
          "WidthOffset": 6,
          "HeightOffset": 2
        }
      ],
      "NumberOfProjectiles": 0,
      "ProjectileData": [],
      "RehitData": {
        "HitBox": 0,
        "NumberOfHits": 0,
        "HitOnFrames": []
      },
      "GroundMovementData": {
        "NumberOfWindows": 0,
        "Windows": [],
        "GravityScale": 0.0,
        "FallScale": 0.0
      },
      "AirMovementData": {
        "NumberOfWindows": 3,
        "Windows": [
          {
            "StartingFrame": 0,
            "HorizontalSpeed": 0.0,
            "VerticalSpeed": 0.0,
            "OverwriteVerticalSpeed": true,
            "OverwriteHorizontalSpeed": false
          },
          {
            "StartingFrame": 1,
            "HorizontalSpeed": 0.0,
            "VerticalSpeed": -2.0,
            "OverwriteVerticalSpeed": true,
            "OverwriteHorizontalSpeed": false
          },
          {
            "StartingFrame": 2,
            "HorizontalSpeed": 0.0,
            "VerticalSpeed": 0.0,
            "OverwriteVerticalSpeed": false,
            "OverwriteHorizontalSpeed": false
          }
        ],
        "GravityScale": 1.0000001,
        "FallScale": 0.5
      },
      "SupplimentaryScript": ""
    }
  ],
  "Version": "Ver1.1.0",
  "UID": "b43c156e-fff7-4aa8-a779-b5eefcae5cb7",
  "LastModified": "2023-04-21T22:35:40.3158858-07:00",
  "LastModifiedBy": "creep"
}