{
  "Name": "SmoothCriminal",
  "MaxHitPoints": 50,
  "RegenSpeed": 0.175,
  "KORegenSpeed": 0.1,
  "HorizontalSpeed": 0.0,
  "VerticalSpeed": 0.0,
  "EnvironmentalDisplacement": 0,
  "WalkSpeed": 1.5,
  "RunSpeed": 2.5,
  "Traction": 0.25,
  "JumpSpeed": 4.0,
  "FallSpeed": 0.25,
  "BackDashDuration": 25,
  "BackDashInvincibility": 0,
  "BackDashSpeed": 4.0,
  "BackDashStartup": 3.0,
  "FastFallSpeed": 0.35,
  "JumpType": 1,
  "JumpHorizontalSpeed": 0.0,
  "CharacterSprites": {
    "Idle": "sJay_SC_Idle_MOCKUP_strip8",
    "Crouch": "sJay_SC_CrouchingIdle_mockup_strip1",
    "StandBlock": "sRussel_Block",
    "CrouchBlock": "sRussel_Crouch_Block",
    "WalkForward": "sJay_SC_Idle_MOCKUP_strip8",
    "WalkBackward": "sJay_SC_Idle_MOCKUP_strip8",
    "RunForward": "sJay_SC_Idle_MOCKUP_strip8",
    "RunBackward": "sJay_SC_Idle_MOCKUP_strip8",
    "JumpSquat": "sRussel_Jumpsquat",
    "Jump": "sJay_SC_JUMP_MOCKUP_strip2",
    "Hurt": "sRussel_Hurt",
    "Grab": "sRussel_Grab",
    "Hold": "sRussel_Hold",
    "Launched": "sRussel_Launched",
    "Knockdown": "sRussel_KnockedDown",
    "GetUp": "sRussel_Getup"
  },
  "SuperMeterBuildRate": 0.0,
  "BaseColor": {
    "UID": "930db45a-20ad-41c3-a127-bf670207c52d",
    "Name": "",
    "NumberOfReplacableColors": 0,
    "ColorPalette": []
  },
  "NumberOfPalettes": 10,
  "Palettes": [
    {
      "UID": "0000e62b-e5c1-4f2c-ae66-4991c0c5b7f7",
      "Name": "Default",
      "NumberOfReplacableColors": 0,
      "ColorPalette": []
    },
    {
      "UID": "5b43dad0-97b6-482d-a414-0a22ca62735e",
      "Name": "Blue",
      "NumberOfReplacableColors": 0,
      "ColorPalette": []
    },
    {
      "UID": "5104fd8c-fb22-4ddc-add2-01b8f646e55a",
      "Name": "Perry",
      "NumberOfReplacableColors": 0,
      "ColorPalette": []
    },
    {
      "UID": "f879e898-6977-46ab-9a38-e4a986d5fa6b",
      "Name": "Hazama",
      "NumberOfReplacableColors": 0,
      "ColorPalette": []
    },
    {
      "UID": "dd4efd5c-96df-46d7-b29d-865a06e2d9f1",
      "Name": "Default",
      "NumberOfReplacableColors": 0,
      "ColorPalette": []
    },
    {
      "UID": "40e27178-4e55-4420-8394-1df4afd4cf6f",
      "Name": "Default",
      "NumberOfReplacableColors": 0,
      "ColorPalette": []
    },
    {
      "UID": "a720851a-985e-46c9-9023-397ff43405f5",
      "Name": "Default",
      "NumberOfReplacableColors": 0,
      "ColorPalette": []
    },
    {
      "UID": "c467f04b-65d0-4fe0-9618-ff6251dd6f78",
      "Name": "Default",
      "NumberOfReplacableColors": 0,
      "ColorPalette": []
    },
    {
      "UID": "936590dd-fe76-490c-9bd1-b90f7d7bec8d",
      "Name": "Default",
      "NumberOfReplacableColors": 0,
      "ColorPalette": []
    },
    {
      "UID": "2a9b0394-03ed-4c2c-a423-2496fc2ff1d6",
      "Name": "Default",
      "NumberOfReplacableColors": 0,
      "ColorPalette": []
    }
  ],
  "MoveData": [
    {
      "UID": "d703f036-f638-4323-ba91-760132f80a87",
      "MoveType": 0,
      "MoveCanCancelInto": 0,
      "EnhanceMoveType": 1,
      "EnhanceMoveCanCancelInto": 0,
      "InMovesets": [],
      "SwitchMoveset": false,
      "SwitchToMoveset": 0,
      "SpriteName": "sJay_SC_NspecialEN_MOCKUP_strip4",
      "Duration": 25,
      "NumberOfFrames": 4,
      "FrameData": [
        {
          "Length": 4,
          "ImageIndex": 1
        },
        {
          "Length": 9,
          "ImageIndex": 2
        },
        {
          "Length": 12,
          "ImageIndex": 3
        },
        {
          "Length": 15,
          "ImageIndex": 4
        }
      ],
      "NumberOfHitboxes": 1,
      "AttackData": [
        {
          "Start": 4,
          "Lifetime": 5,
          "AttackWidth": 22,
          "AttackHeight": 8,
          "WidthOffset": 7,
          "HeightOffset": 22,
          "Group": 1,
          "Damage": 15,
          "AttackHitStop": 5,
          "AttackHitStun": 20,
          "AttackType": 1,
          "BlockStun": 4.0,
          "KnockBack": 4.0,
          "AirKnockbackVertical": 2.0,
          "AirKnockbackHorizontal": 3.0,
          "Launches": false,
          "LaunchKnockbackVertical": 0.0,
          "LaunchKnockbackHorizontal": 0.0,
          "Pushback": 3.0,
          "ParticleXOffset": 0,
          "ParticleYOffset": 0,
          "ParticleEffect": "sHitEffect",
          "ParticleDuration": 5,
          "HoldXOffset": 0,
          "HoldYOffset": 0,
          "MeterGain": 2.0,
          "ComboScaling": 1.0,
          "CausesWallbounce": false,
          "HitSound": "sfx_Medium_Hit"
        }
      ],
      "CounterData": [
        {
          "CounterHitLevel": 2,
          "Group": 1,
          "Damage": 15,
          "MeterGain": 3.0,
          "AttackHitStop": 5,
          "AttackHitStun": 20,
          "KnockBack": 4.0,
          "AirKnockbackVertical": 1.0,
          "AirKnockbackHorizontal": 3.0,
          "Pushback": 0.0,
          "ParticleXOffset": 0,
          "ParticleYOffset": 0,
          "ParticleEffect": "sHitEffect",
          "ParticleDuration": 5,
          "Launches": false,
          "LaunchKnockbackVertical": 0.0,
          "LaunchKnockbackHorizontal": 0.0,
          "ComboScaling": 1.0,
          "CausesWallbounce": false,
          "HitSound": "sfx_Medium_Hit"
        }
      ],
      "CommandNormalData": {
        "NumpadDirection": 0,
        "Button": 1,
        "GroundOrAir": false,
        "CancelWhenLanding": false
      },
      "NumberOfEnhancements": 0,
      "SpecialData": [],
      "IsThrow": false,
      "OpponentPositionData": {
        "DistanceFromWall": 0.0,
        "ThrowOffset": 0,
        "NumberOfFrames": 0,
        "Frames": []
      },
      "NumberOfHurtboxes": 1,
      "HurtboxData": [
        {
          "Start": 5,
          "Lifetime": 19,
          "AttackWidth": 22,
          "AttackHeight": 16,
          "WidthOffset": -1,
          "HeightOffset": 0
        }
      ],
      "NumberOfProjectiles": 0,
      "ProjectileData": [],
      "RehitData": {
        "HitBox": 1,
        "NumberOfHits": 0,
        "HitOnFrames": []
      },
      "GroundMovementData": {
        "NumberOfWindows": 3,
        "Windows": [
          {
            "StartingFrame": 0,
            "HorizontalSpeed": 0.0,
            "VerticalSpeed": 1.0,
            "OverwriteVerticalSpeed": false,
            "OverwriteHorizontalSpeed": false
          },
          {
            "StartingFrame": 4,
            "HorizontalSpeed": 8.0,
            "VerticalSpeed": 0.0,
            "OverwriteVerticalSpeed": true,
            "OverwriteHorizontalSpeed": true
          },
          {
            "StartingFrame": 9,
            "HorizontalSpeed": 0.0,
            "VerticalSpeed": 0.0,
            "OverwriteVerticalSpeed": true,
            "OverwriteHorizontalSpeed": true
          }
        ],
        "GravityScale": 1.0,
        "FallScale": 1.0
      },
      "AirMovementData": {
        "NumberOfWindows": 0,
        "Windows": [],
        "GravityScale": 0.0,
        "FallScale": 0.0
      },
      "SupplimentaryScript": "",
      "NumberOfSounds": 0,
      "MoveSoundData": [],
      "SpiritData": {
        "ToggleState": false,
        "PerformAttack": false,
        "PerformInSpiritOff": false,
        "StartXOffset": 0,
        "StartYOffset": 0,
        "SummonSpirit": false,
        "ReturnToPlayer": false,
        "MaintainPosition": true,
        "Vulnerable": false,
        "OnlyInSpiritOff": false
      }
    },
    {
      "UID": "14c35ee8-cfbd-4bdc-bc63-ad0d0a676095",
      "MoveType": 0,
      "MoveCanCancelInto": 0,
      "EnhanceMoveType": 16,
      "EnhanceMoveCanCancelInto": 0,
      "InMovesets": [],
      "SwitchMoveset": false,
      "SwitchToMoveset": 0,
      "SpriteName": "sJay_SC_NspecialEN_MOCKUP_strip4",
      "Duration": 25,
      "NumberOfFrames": 4,
      "FrameData": [
        {
          "Length": 4,
          "ImageIndex": 1
        },
        {
          "Length": 9,
          "ImageIndex": 2
        },
        {
          "Length": 12,
          "ImageIndex": 3
        },
        {
          "Length": 15,
          "ImageIndex": 4
        }
      ],
      "NumberOfHitboxes": 1,
      "AttackData": [
        {
          "Start": 4,
          "Lifetime": 5,
          "AttackWidth": 22,
          "AttackHeight": 8,
          "WidthOffset": 7,
          "HeightOffset": 22,
          "Group": 1,
          "Damage": 15,
          "AttackHitStop": 5,
          "AttackHitStun": 20,
          "AttackType": 1,
          "BlockStun": 4.0,
          "KnockBack": 4.0,
          "AirKnockbackVertical": 1.0,
          "AirKnockbackHorizontal": 3.0,
          "Launches": false,
          "LaunchKnockbackVertical": 0.0,
          "LaunchKnockbackHorizontal": 0.0,
          "Pushback": 3.0,
          "ParticleXOffset": 0,
          "ParticleYOffset": 0,
          "ParticleEffect": "sHitEffect",
          "ParticleDuration": 5,
          "HoldXOffset": 0,
          "HoldYOffset": 0,
          "MeterGain": 2.0,
          "ComboScaling": 1.0,
          "CausesWallbounce": false,
          "HitSound": ""
        }
      ],
      "CounterData": [
        {
          "CounterHitLevel": 0,
          "Group": 0,
          "Damage": 0,
          "MeterGain": 0.0,
          "AttackHitStop": 0,
          "AttackHitStun": 0,
          "KnockBack": 0.0,
          "AirKnockbackVertical": 0.0,
          "AirKnockbackHorizontal": 0.0,
          "Pushback": 0.0,
          "ParticleXOffset": 0,
          "ParticleYOffset": 0,
          "ParticleEffect": "",
          "ParticleDuration": 0,
          "Launches": false,
          "LaunchKnockbackVertical": 0.0,
          "LaunchKnockbackHorizontal": 0.0,
          "ComboScaling": 0.0,
          "CausesWallbounce": false,
          "HitSound": ""
        }
      ],
      "CommandNormalData": {
        "NumpadDirection": 0,
        "Button": 1,
        "GroundOrAir": false,
        "CancelWhenLanding": false
      },
      "NumberOfEnhancements": 0,
      "SpecialData": [],
      "IsThrow": false,
      "OpponentPositionData": {
        "DistanceFromWall": 0.0,
        "ThrowOffset": 0,
        "NumberOfFrames": 0,
        "Frames": []
      },
      "NumberOfHurtboxes": 1,
      "HurtboxData": [
        {
          "Start": 12,
          "Lifetime": 19,
          "AttackWidth": 22,
          "AttackHeight": 16,
          "WidthOffset": -1,
          "HeightOffset": 0
        }
      ],
      "NumberOfProjectiles": 0,
      "ProjectileData": [],
      "RehitData": {
        "HitBox": 1,
        "NumberOfHits": 0,
        "HitOnFrames": []
      },
      "GroundMovementData": {
        "NumberOfWindows": 3,
        "Windows": [
          {
            "StartingFrame": 0,
            "HorizontalSpeed": 0.0,
            "VerticalSpeed": 0.0,
            "OverwriteVerticalSpeed": true,
            "OverwriteHorizontalSpeed": false
          },
          {
            "StartingFrame": 4,
            "HorizontalSpeed": 8.0,
            "VerticalSpeed": 0.0,
            "OverwriteVerticalSpeed": true,
            "OverwriteHorizontalSpeed": true
          },
          {
            "StartingFrame": 9,
            "HorizontalSpeed": 0.0,
            "VerticalSpeed": 0.0,
            "OverwriteVerticalSpeed": true,
            "OverwriteHorizontalSpeed": true
          }
        ],
        "GravityScale": 1.0,
        "FallScale": 1.0
      },
      "AirMovementData": {
        "NumberOfWindows": 0,
        "Windows": [],
        "GravityScale": 0.0,
        "FallScale": 0.0
      },
      "SupplimentaryScript": "",
      "NumberOfSounds": 0,
      "MoveSoundData": [],
      "SpiritData": {
        "ToggleState": false,
        "PerformAttack": false,
        "PerformInSpiritOff": false,
        "StartXOffset": 0,
        "StartYOffset": 0,
        "SummonSpirit": false,
        "ReturnToPlayer": false,
        "MaintainPosition": true,
        "Vulnerable": false,
        "OnlyInSpiritOff": false
      }
    },
    {
      "UID": "4cd733c8-dc41-4783-b528-548b21f17986",
      "MoveType": 32,
      "MoveCanCancelInto": 0,
      "EnhanceMoveType": 0,
      "EnhanceMoveCanCancelInto": 0,
      "InMovesets": [],
      "SwitchMoveset": false,
      "SwitchToMoveset": 0,
      "SpriteName": "sJay_SC_StandLight_MOCKUP_strip3",
      "Duration": 8,
      "NumberOfFrames": 2,
      "FrameData": [
        {
          "Length": 4,
          "ImageIndex": 1
        },
        {
          "Length": 6,
          "ImageIndex": 2
        }
      ],
      "NumberOfHitboxes": 1,
      "AttackData": [
        {
          "Start": 2,
          "Lifetime": 2,
          "AttackWidth": 20,
          "AttackHeight": 12,
          "WidthOffset": 7,
          "HeightOffset": 17,
          "Group": 1,
          "Damage": 2,
          "AttackHitStop": 4,
          "AttackHitStun": 10,
          "AttackType": 1,
          "BlockStun": 0.3,
          "KnockBack": 1.0,
          "AirKnockbackVertical": -0.5,
          "AirKnockbackHorizontal": 0.5,
          "Launches": false,
          "LaunchKnockbackVertical": 0.0,
          "LaunchKnockbackHorizontal": 0.0,
          "Pushback": 0.0,
          "ParticleXOffset": 0,
          "ParticleYOffset": 0,
          "ParticleEffect": "sSmallHitspark",
          "ParticleDuration": 2,
          "HoldXOffset": 0,
          "HoldYOffset": 0,
          "MeterGain": 0.2,
          "ComboScaling": 0.2,
          "CausesWallbounce": false,
          "HitSound": "sfx_Light_Hit"
        }
      ],
      "CounterData": [
        {
          "CounterHitLevel": 1,
          "Group": 1,
          "Damage": 3,
          "MeterGain": 0.3,
          "AttackHitStop": 4,
          "AttackHitStun": 10,
          "KnockBack": 1.0,
          "AirKnockbackVertical": -0.5,
          "AirKnockbackHorizontal": 0.5,
          "Pushback": 0.0,
          "ParticleXOffset": 0,
          "ParticleYOffset": 0,
          "ParticleEffect": "sSmallHitspark",
          "ParticleDuration": 2,
          "Launches": false,
          "LaunchKnockbackVertical": 0.0,
          "LaunchKnockbackHorizontal": 0.0,
          "ComboScaling": 0.2,
          "CausesWallbounce": false,
          "HitSound": "sfx_Light_Hit"
        }
      ],
      "CommandNormalData": {
        "NumpadDirection": 0,
        "Button": 1,
        "GroundOrAir": false,
        "CancelWhenLanding": false
      },
      "NumberOfEnhancements": 0,
      "SpecialData": [],
      "IsThrow": false,
      "OpponentPositionData": {
        "DistanceFromWall": 0.0,
        "ThrowOffset": 0,
        "NumberOfFrames": 0,
        "Frames": []
      },
      "NumberOfHurtboxes": 0,
      "HurtboxData": [],
      "NumberOfProjectiles": 0,
      "ProjectileData": [],
      "RehitData": {
        "HitBox": 0,
        "NumberOfHits": 0,
        "HitOnFrames": []
      },
      "GroundMovementData": {
        "NumberOfWindows": 0,
        "Windows": [],
        "GravityScale": 0.0,
        "FallScale": 0.0
      },
      "AirMovementData": {
        "NumberOfWindows": 0,
        "Windows": [],
        "GravityScale": 0.0,
        "FallScale": 0.0
      },
      "SupplimentaryScript": "",
      "NumberOfSounds": 0,
      "MoveSoundData": [],
      "SpiritData": {
        "ToggleState": false,
        "PerformAttack": false,
        "PerformInSpiritOff": false,
        "StartXOffset": 0,
        "StartYOffset": 0,
        "SummonSpirit": false,
        "ReturnToPlayer": false,
        "MaintainPosition": false,
        "Vulnerable": false,
        "OnlyInSpiritOff": false
      }
    },
    {
      "UID": "19c97468-e749-4a1c-b9d1-7a20f3c46b5b",
      "MoveType": 64,
      "MoveCanCancelInto": 0,
      "EnhanceMoveType": 0,
      "EnhanceMoveCanCancelInto": 0,
      "InMovesets": [],
      "SwitchMoveset": false,
      "SwitchToMoveset": 0,
      "SpriteName": "sJay_ALL_StandingLight2_Mockup_strip6",
      "Duration": 28,
      "NumberOfFrames": 10,
      "FrameData": [
        {
          "Length": 4,
          "ImageIndex": 1
        },
        {
          "Length": 6,
          "ImageIndex": 2
        },
        {
          "Length": 8,
          "ImageIndex": 3
        },
        {
          "Length": 10,
          "ImageIndex": 4
        },
        {
          "Length": 12,
          "ImageIndex": 1
        },
        {
          "Length": 14,
          "ImageIndex": 2
        },
        {
          "Length": 16,
          "ImageIndex": 3
        },
        {
          "Length": 18,
          "ImageIndex": 4
        },
        {
          "Length": 20,
          "ImageIndex": 5
        },
        {
          "Length": 25,
          "ImageIndex": 6
        }
      ],
      "NumberOfHitboxes": 1,
      "AttackData": [
        {
          "Start": 4,
          "Lifetime": 2,
          "AttackWidth": 23,
          "AttackHeight": 11,
          "WidthOffset": 4,
          "HeightOffset": 16,
          "Group": 1,
          "Damage": 2,
          "AttackHitStop": 4,
          "AttackHitStun": 30,
          "AttackType": 1,
          "BlockStun": 0.5,
          "KnockBack": 0.0,
          "AirKnockbackVertical": 0.0,
          "AirKnockbackHorizontal": 0.0,
          "Launches": false,
          "LaunchKnockbackVertical": 0.0,
          "LaunchKnockbackHorizontal": 0.0,
          "Pushback": 0.0,
          "ParticleXOffset": 0,
          "ParticleYOffset": 0,
          "ParticleEffect": "sSmallHitspark",
          "ParticleDuration": 5,
          "HoldXOffset": 0,
          "HoldYOffset": 0,
          "MeterGain": 0.2,
          "ComboScaling": 0.2,
          "CausesWallbounce": false,
          "HitSound": "sfx_light_hit2"
        }
      ],
      "CounterData": [
        {
          "CounterHitLevel": 1,
          "Group": 1,
          "Damage": 3,
          "MeterGain": 0.2,
          "AttackHitStop": 4,
          "AttackHitStun": 30,
          "KnockBack": 0.0,
          "AirKnockbackVertical": 0.0,
          "AirKnockbackHorizontal": 0.0,
          "Pushback": 0.0,
          "ParticleXOffset": 0,
          "ParticleYOffset": 0,
          "ParticleEffect": "sSmallHitspark",
          "ParticleDuration": 2,
          "Launches": false,
          "LaunchKnockbackVertical": 0.0,
          "LaunchKnockbackHorizontal": 0.0,
          "ComboScaling": 0.2,
          "CausesWallbounce": false,
          "HitSound": "sfx_light_hit2"
        }
      ],
      "CommandNormalData": {
        "NumpadDirection": 0,
        "Button": 1,
        "GroundOrAir": false,
        "CancelWhenLanding": false
      },
      "NumberOfEnhancements": 0,
      "SpecialData": [],
      "IsThrow": false,
      "OpponentPositionData": {
        "DistanceFromWall": 0.0,
        "ThrowOffset": 0,
        "NumberOfFrames": 0,
        "Frames": []
      },
      "NumberOfHurtboxes": 0,
      "HurtboxData": [],
      "NumberOfProjectiles": 0,
      "ProjectileData": [],
      "RehitData": {
        "HitBox": 1,
        "NumberOfHits": 3,
        "HitOnFrames": [
          8,
          12,
          16
        ]
      },
      "GroundMovementData": {
        "NumberOfWindows": 0,
        "Windows": [],
        "GravityScale": 0.0,
        "FallScale": 0.0
      },
      "AirMovementData": {
        "NumberOfWindows": 0,
        "Windows": [],
        "GravityScale": 0.0,
        "FallScale": 0.0
      },
      "SupplimentaryScript": "",
      "NumberOfSounds": 0,
      "MoveSoundData": [],
      "SpiritData": {
        "ToggleState": false,
        "PerformAttack": false,
        "PerformInSpiritOff": false,
        "StartXOffset": 0,
        "StartYOffset": 0,
        "SummonSpirit": false,
        "ReturnToPlayer": false,
        "MaintainPosition": false,
        "Vulnerable": false,
        "OnlyInSpiritOff": false
      }
    },
    {
      "UID": "7b7bacc8-002e-4a59-95ee-fbe344807f7b",
      "MoveType": 128,
      "MoveCanCancelInto": 0,
      "EnhanceMoveType": 0,
      "EnhanceMoveCanCancelInto": 0,
      "InMovesets": [],
      "SwitchMoveset": false,
      "SwitchToMoveset": 0,
      "SpriteName": "sJay_SC_NspecialEN_MOCKUP_strip4",
      "Duration": 13,
      "NumberOfFrames": 3,
      "FrameData": [
        {
          "Length": 4,
          "ImageIndex": 1
        },
        {
          "Length": 7,
          "ImageIndex": 2
        },
        {
          "Length": 10,
          "ImageIndex": 3
        }
      ],
      "NumberOfHitboxes": 1,
      "AttackData": [
        {
          "Start": 4,
          "Lifetime": 3,
          "AttackWidth": 22,
          "AttackHeight": 8,
          "WidthOffset": 7,
          "HeightOffset": 22,
          "Group": 1,
          "Damage": 6,
          "AttackHitStop": 8,
          "AttackHitStun": 20,
          "AttackType": 1,
          "BlockStun": 4.0,
          "KnockBack": 4.0,
          "AirKnockbackVertical": 1.0,
          "AirKnockbackHorizontal": 3.0,
          "Launches": true,
          "LaunchKnockbackVertical": 0.2,
          "LaunchKnockbackHorizontal": 2.0,
          "Pushback": 0.0,
          "ParticleXOffset": 6,
          "ParticleYOffset": 2,
          "ParticleEffect": "sHitEffect",
          "ParticleDuration": 4,
          "HoldXOffset": 0,
          "HoldYOffset": 0,
          "MeterGain": 2.0,
          "ComboScaling": 1.0,
          "CausesWallbounce": false,
          "HitSound": "sfx_Medium_Hit"
        }
      ],
      "CounterData": [
        {
          "CounterHitLevel": 1,
          "Group": 1,
          "Damage": 7,
          "MeterGain": 2.0,
          "AttackHitStop": 8,
          "AttackHitStun": 20,
          "KnockBack": 4.0,
          "AirKnockbackVertical": 1.0,
          "AirKnockbackHorizontal": 3.0,
          "Pushback": 0.0,
          "ParticleXOffset": 0,
          "ParticleYOffset": 0,
          "ParticleEffect": "sHitEffect",
          "ParticleDuration": 5,
          "Launches": true,
          "LaunchKnockbackVertical": 0.2,
          "LaunchKnockbackHorizontal": 2.0,
          "ComboScaling": 1.0,
          "CausesWallbounce": false,
          "HitSound": "sfx_Medium_Hit"
        }
      ],
      "CommandNormalData": {
        "NumpadDirection": 0,
        "Button": 1,
        "GroundOrAir": false,
        "CancelWhenLanding": false
      },
      "NumberOfEnhancements": 0,
      "SpecialData": [],
      "IsThrow": false,
      "OpponentPositionData": {
        "DistanceFromWall": 0.0,
        "ThrowOffset": 0,
        "NumberOfFrames": 0,
        "Frames": []
      },
      "NumberOfHurtboxes": 0,
      "HurtboxData": [],
      "NumberOfProjectiles": 0,
      "ProjectileData": [],
      "RehitData": {
        "HitBox": 1,
        "NumberOfHits": 0,
        "HitOnFrames": []
      },
      "GroundMovementData": {
        "NumberOfWindows": 0,
        "Windows": [],
        "GravityScale": 0.0,
        "FallScale": 0.0
      },
      "AirMovementData": {
        "NumberOfWindows": 0,
        "Windows": [],
        "GravityScale": 0.0,
        "FallScale": 0.0
      },
      "SupplimentaryScript": "",
      "NumberOfSounds": 0,
      "MoveSoundData": [],
      "SpiritData": {
        "ToggleState": false,
        "PerformAttack": false,
        "PerformInSpiritOff": false,
        "StartXOffset": 0,
        "StartYOffset": 0,
        "SummonSpirit": false,
        "ReturnToPlayer": false,
        "MaintainPosition": false,
        "Vulnerable": false,
        "OnlyInSpiritOff": false
      }
    },
    {
      "UID": "7dc1106b-7de4-4ade-ae42-9fbe9b954b59",
      "MoveType": 16,
      "MoveCanCancelInto": 0,
      "EnhanceMoveType": 0,
      "EnhanceMoveCanCancelInto": 0,
      "InMovesets": [],
      "SwitchMoveset": false,
      "SwitchToMoveset": 0,
      "SpriteName": "sJay_SC_Idle_MOCKUP_strip8",
      "Duration": 25,
      "NumberOfFrames": 1,
      "FrameData": [
        {
          "Length": 25,
          "ImageIndex": 1
        }
      ],
      "NumberOfHitboxes": 0,
      "AttackData": [],
      "CounterData": [],
      "CommandNormalData": {
        "NumpadDirection": 0,
        "Button": 1,
        "GroundOrAir": false,
        "CancelWhenLanding": false
      },
      "NumberOfEnhancements": 0,
      "SpecialData": [],
      "IsThrow": false,
      "OpponentPositionData": {
        "DistanceFromWall": 0.0,
        "ThrowOffset": 0,
        "NumberOfFrames": 0,
        "Frames": []
      },
      "NumberOfHurtboxes": 0,
      "HurtboxData": [],
      "NumberOfProjectiles": 0,
      "ProjectileData": [],
      "RehitData": {
        "HitBox": 0,
        "NumberOfHits": 0,
        "HitOnFrames": []
      },
      "GroundMovementData": {
        "NumberOfWindows": 0,
        "Windows": [],
        "GravityScale": 0.0,
        "FallScale": 0.0
      },
      "AirMovementData": {
        "NumberOfWindows": 0,
        "Windows": [],
        "GravityScale": 0.0,
        "FallScale": 0.0
      },
      "SupplimentaryScript": "",
      "NumberOfSounds": 0,
      "MoveSoundData": [],
      "SpiritData": {
        "ToggleState": false,
        "PerformAttack": false,
        "PerformInSpiritOff": false,
        "StartXOffset": 0,
        "StartYOffset": 0,
        "SummonSpirit": false,
        "ReturnToPlayer": false,
        "MaintainPosition": false,
        "Vulnerable": false,
        "OnlyInSpiritOff": false
      }
    },
    {
      "UID": "5f3758b0-37c3-4c6c-bad2-920eb86eefd0",
      "MoveType": 256,
      "MoveCanCancelInto": 0,
      "EnhanceMoveType": 0,
      "EnhanceMoveCanCancelInto": 0,
      "InMovesets": [],
      "SwitchMoveset": false,
      "SwitchToMoveset": 0,
      "SpriteName": "sJay_SC_StandMedium_MOCKUP_strip6",
      "Duration": 20,
      "NumberOfFrames": 6,
      "FrameData": [
        {
          "Length": 3,
          "ImageIndex": 1
        },
        {
          "Length": 6,
          "ImageIndex": 2
        },
        {
          "Length": 9,
          "ImageIndex": 3
        },
        {
          "Length": 12,
          "ImageIndex": 4
        },
        {
          "Length": 15,
          "ImageIndex": 5
        },
        {
          "Length": 18,
          "ImageIndex": 6
        }
      ],
      "NumberOfHitboxes": 1,
      "AttackData": [
        {
          "Start": 6,
          "Lifetime": 3,
          "AttackWidth": 19,
          "AttackHeight": 25,
          "WidthOffset": 6,
          "HeightOffset": 1,
          "Group": 2,
          "Damage": 9,
          "AttackHitStop": 7,
          "AttackHitStun": 20,
          "AttackType": 1,
          "BlockStun": 1.0,
          "KnockBack": 1.0,
          "AirKnockbackVertical": -1.0,
          "AirKnockbackHorizontal": 1.0,
          "Launches": false,
          "LaunchKnockbackVertical": 0.0,
          "LaunchKnockbackHorizontal": 0.0,
          "Pushback": 0.0,
          "ParticleXOffset": 0,
          "ParticleYOffset": 0,
          "ParticleEffect": "sHitEffect",
          "ParticleDuration": 5,
          "HoldXOffset": 0,
          "HoldYOffset": 0,
          "MeterGain": 5.0,
          "ComboScaling": 2.0,
          "CausesWallbounce": false,
          "HitSound": "sfx_Medium_Hit"
        }
      ],
      "CounterData": [
        {
          "CounterHitLevel": 2,
          "Group": 1,
          "Damage": 12,
          "MeterGain": 9.0,
          "AttackHitStop": 13,
          "AttackHitStun": 27,
          "KnockBack": 2.0,
          "AirKnockbackVertical": -2.0,
          "AirKnockbackHorizontal": 0.5,
          "Pushback": 2.0,
          "ParticleXOffset": 10,
          "ParticleYOffset": 0,
          "ParticleEffect": "sHitEffect",
          "ParticleDuration": 5,
          "Launches": false,
          "LaunchKnockbackVertical": 0.0,
          "LaunchKnockbackHorizontal": 0.0,
          "ComboScaling": 0.0,
          "CausesWallbounce": false,
          "HitSound": "sfx_Medium_Hit"
        }
      ],
      "CommandNormalData": {
        "NumpadDirection": 0,
        "Button": 1,
        "GroundOrAir": false,
        "CancelWhenLanding": false
      },
      "NumberOfEnhancements": 0,
      "SpecialData": [],
      "IsThrow": false,
      "OpponentPositionData": {
        "DistanceFromWall": 0.0,
        "ThrowOffset": 0,
        "NumberOfFrames": 0,
        "Frames": []
      },
      "NumberOfHurtboxes": 0,
      "HurtboxData": [],
      "NumberOfProjectiles": 0,
      "ProjectileData": [],
      "RehitData": {
        "HitBox": 0,
        "NumberOfHits": 0,
        "HitOnFrames": []
      },
      "GroundMovementData": {
        "NumberOfWindows": 0,
        "Windows": [],
        "GravityScale": 0.0,
        "FallScale": 0.0
      },
      "AirMovementData": {
        "NumberOfWindows": 0,
        "Windows": [],
        "GravityScale": 0.0,
        "FallScale": 0.0
      },
      "SupplimentaryScript": "",
      "NumberOfSounds": 0,
      "MoveSoundData": [],
      "SpiritData": {
        "ToggleState": false,
        "PerformAttack": false,
        "PerformInSpiritOff": false,
        "StartXOffset": 0,
        "StartYOffset": 0,
        "SummonSpirit": false,
        "ReturnToPlayer": false,
        "MaintainPosition": false,
        "Vulnerable": false,
        "OnlyInSpiritOff": false
      }
    },
    {
      "UID": "3d1adad0-e935-401e-b4d9-5a3a081dffa0",
      "MoveType": 512,
      "MoveCanCancelInto": 0,
      "EnhanceMoveType": 0,
      "EnhanceMoveCanCancelInto": 0,
      "InMovesets": [],
      "SwitchMoveset": false,
      "SwitchToMoveset": 0,
      "SpriteName": "sJay_SC_StandingHeavy_MOCKUP_strip5",
      "Duration": 30,
      "NumberOfFrames": 5,
      "FrameData": [
        {
          "Length": 3,
          "ImageIndex": 1
        },
        {
          "Length": 8,
          "ImageIndex": 2
        },
        {
          "Length": 12,
          "ImageIndex": 3
        },
        {
          "Length": 22,
          "ImageIndex": 4
        },
        {
          "Length": 27,
          "ImageIndex": 5
        }
      ],
      "NumberOfHitboxes": 1,
      "AttackData": [
        {
          "Start": 8,
          "Lifetime": 3,
          "AttackWidth": 18,
          "AttackHeight": 22,
          "WidthOffset": 13,
          "HeightOffset": 7,
          "Group": 3,
          "Damage": 15,
          "AttackHitStop": 12,
          "AttackHitStun": 30,
          "AttackType": 1,
          "BlockStun": 1.0,
          "KnockBack": 1.0,
          "AirKnockbackVertical": 0.0,
          "AirKnockbackHorizontal": 0.0,
          "Launches": true,
          "LaunchKnockbackVertical": 1.0,
          "LaunchKnockbackHorizontal": 1.0,
          "Pushback": 0.5,
          "ParticleXOffset": 0,
          "ParticleYOffset": 0,
          "ParticleEffect": "sHitEffect",
          "ParticleDuration": 5,
          "HoldXOffset": 0,
          "HoldYOffset": 0,
          "MeterGain": 7.0,
          "ComboScaling": 3.0,
          "CausesWallbounce": false,
          "HitSound": "sfx_Heavy_Hit"
        }
      ],
      "CounterData": [
        {
          "CounterHitLevel": 3,
          "Group": 3,
          "Damage": 18,
          "MeterGain": 10.0,
          "AttackHitStop": 24,
          "AttackHitStun": 45,
          "KnockBack": 1.0,
          "AirKnockbackVertical": 0.0,
          "AirKnockbackHorizontal": 0.0,
          "Pushback": 0.5,
          "ParticleXOffset": 0,
          "ParticleYOffset": 0,
          "ParticleEffect": "sHitEffect",
          "ParticleDuration": 8,
          "Launches": true,
          "LaunchKnockbackVertical": 2.0,
          "LaunchKnockbackHorizontal": 2.0,
          "ComboScaling": 3.0,
          "CausesWallbounce": false,
          "HitSound": "sfx_Heavy_Hit"
        }
      ],
      "CommandNormalData": {
        "NumpadDirection": 0,
        "Button": 1,
        "GroundOrAir": false,
        "CancelWhenLanding": false
      },
      "NumberOfEnhancements": 0,
      "SpecialData": [],
      "IsThrow": false,
      "OpponentPositionData": {
        "DistanceFromWall": 0.0,
        "ThrowOffset": 0,
        "NumberOfFrames": 0,
        "Frames": []
      },
      "NumberOfHurtboxes": 0,
      "HurtboxData": [],
      "NumberOfProjectiles": 0,
      "ProjectileData": [],
      "RehitData": {
        "HitBox": 0,
        "NumberOfHits": 0,
        "HitOnFrames": []
      },
      "GroundMovementData": {
        "NumberOfWindows": 0,
        "Windows": [],
        "GravityScale": 0.0,
        "FallScale": 0.0
      },
      "AirMovementData": {
        "NumberOfWindows": 0,
        "Windows": [],
        "GravityScale": 0.0,
        "FallScale": 0.0
      },
      "SupplimentaryScript": "",
      "NumberOfSounds": 0,
      "MoveSoundData": [],
      "SpiritData": {
        "ToggleState": false,
        "PerformAttack": false,
        "PerformInSpiritOff": false,
        "StartXOffset": 0,
        "StartYOffset": 0,
        "SummonSpirit": false,
        "ReturnToPlayer": false,
        "MaintainPosition": false,
        "Vulnerable": false,
        "OnlyInSpiritOff": false
      }
    },
    {
      "UID": "cf534057-49f3-459c-ae76-93cfdc0d610a",
      "MoveType": 1024,
      "MoveCanCancelInto": 0,
      "EnhanceMoveType": 0,
      "EnhanceMoveCanCancelInto": 0,
      "InMovesets": [],
      "SwitchMoveset": false,
      "SwitchToMoveset": 0,
      "SpriteName": "sJay_SC_CrouchingLight_MOCKUP_strip3",
      "Duration": 12,
      "NumberOfFrames": 3,
      "FrameData": [
        {
          "Length": 4,
          "ImageIndex": 1
        },
        {
          "Length": 8,
          "ImageIndex": 2
        },
        {
          "Length": 12,
          "ImageIndex": 3
        }
      ],
      "NumberOfHitboxes": 1,
      "AttackData": [
        {
          "Start": 2,
          "Lifetime": 4,
          "AttackWidth": 23,
          "AttackHeight": 13,
          "WidthOffset": 6,
          "HeightOffset": 0,
          "Group": 1,
          "Damage": 3,
          "AttackHitStop": 3,
          "AttackHitStun": 5,
          "AttackType": 2,
          "BlockStun": 3.0,
          "KnockBack": 1.0,
          "AirKnockbackVertical": -0.5,
          "AirKnockbackHorizontal": 0.5,
          "Launches": false,
          "LaunchKnockbackVertical": 0.0,
          "LaunchKnockbackHorizontal": 0.0,
          "Pushback": 0.0,
          "ParticleXOffset": 0,
          "ParticleYOffset": 0,
          "ParticleEffect": "sSmallHitspark",
          "ParticleDuration": 5,
          "HoldXOffset": 0,
          "HoldYOffset": 0,
          "MeterGain": 4.0,
          "ComboScaling": 3.0,
          "CausesWallbounce": false,
          "HitSound": "sfx_Light_Hit"
        }
      ],
      "CounterData": [
        {
          "CounterHitLevel": 1,
          "Group": 1,
          "Damage": 3,
          "MeterGain": 4.0,
          "AttackHitStop": 3,
          "AttackHitStun": 6,
          "KnockBack": 3.0,
          "AirKnockbackVertical": -0.5,
          "AirKnockbackHorizontal": 0.5,
          "Pushback": 1.0,
          "ParticleXOffset": 0,
          "ParticleYOffset": 0,
          "ParticleEffect": "sSmallHitspark",
          "ParticleDuration": 5,
          "Launches": false,
          "LaunchKnockbackVertical": 0.0,
          "LaunchKnockbackHorizontal": 0.0,
          "ComboScaling": 3.0,
          "CausesWallbounce": false,
          "HitSound": "sfx_Light_Hit"
        }
      ],
      "CommandNormalData": {
        "NumpadDirection": 0,
        "Button": 1,
        "GroundOrAir": false,
        "CancelWhenLanding": false
      },
      "NumberOfEnhancements": 0,
      "SpecialData": [],
      "IsThrow": false,
      "OpponentPositionData": {
        "DistanceFromWall": 0.0,
        "ThrowOffset": 0,
        "NumberOfFrames": 0,
        "Frames": []
      },
      "NumberOfHurtboxes": 0,
      "HurtboxData": [],
      "NumberOfProjectiles": 0,
      "ProjectileData": [],
      "RehitData": {
        "HitBox": 0,
        "NumberOfHits": 0,
        "HitOnFrames": []
      },
      "GroundMovementData": {
        "NumberOfWindows": 0,
        "Windows": [],
        "GravityScale": 0.0,
        "FallScale": 0.0
      },
      "AirMovementData": {
        "NumberOfWindows": 0,
        "Windows": [],
        "GravityScale": 0.0,
        "FallScale": 0.0
      },
      "SupplimentaryScript": "",
      "NumberOfSounds": 0,
      "MoveSoundData": [],
      "SpiritData": {
        "ToggleState": false,
        "PerformAttack": false,
        "PerformInSpiritOff": false,
        "StartXOffset": 0,
        "StartYOffset": 0,
        "SummonSpirit": false,
        "ReturnToPlayer": false,
        "MaintainPosition": false,
        "Vulnerable": false,
        "OnlyInSpiritOff": false
      }
    },
    {
      "UID": "1045713d-dc71-4d23-b126-cf0b6eeefd8a",
      "MoveType": 2048,
      "MoveCanCancelInto": 0,
      "EnhanceMoveType": 0,
      "EnhanceMoveCanCancelInto": 0,
      "InMovesets": [],
      "SwitchMoveset": false,
      "SwitchToMoveset": 0,
      "SpriteName": "sJay_SC_CrouchingMedium_MOCKUP_strip6",
      "Duration": 31,
      "NumberOfFrames": 6,
      "FrameData": [
        {
          "Length": 2,
          "ImageIndex": 1
        },
        {
          "Length": 4,
          "ImageIndex": 2
        },
        {
          "Length": 6,
          "ImageIndex": 3
        },
        {
          "Length": 11,
          "ImageIndex": 4
        },
        {
          "Length": 25,
          "ImageIndex": 5
        },
        {
          "Length": 30,
          "ImageIndex": 6
        }
      ],
      "NumberOfHitboxes": 1,
      "AttackData": [
        {
          "Start": 6,
          "Lifetime": 5,
          "AttackWidth": 33,
          "AttackHeight": 11,
          "WidthOffset": 7,
          "HeightOffset": 0,
          "Group": 0,
          "Damage": 8,
          "AttackHitStop": 11,
          "AttackHitStun": 21,
          "AttackType": 2,
          "BlockStun": 18.0,
          "KnockBack": 3.5,
          "AirKnockbackVertical": -2.0,
          "AirKnockbackHorizontal": 3.0,
          "Launches": false,
          "LaunchKnockbackVertical": 0.0,
          "LaunchKnockbackHorizontal": 0.0,
          "Pushback": 2.0000002,
          "ParticleXOffset": 10,
          "ParticleYOffset": 0,
          "ParticleEffect": "sHitEffect",
          "ParticleDuration": 5,
          "HoldXOffset": 0,
          "HoldYOffset": 0,
          "MeterGain": 4.0,
          "ComboScaling": 1.0,
          "CausesWallbounce": false,
          "HitSound": "sfx_Medium_Hit"
        }
      ],
      "CounterData": [
        {
          "CounterHitLevel": 2,
          "Group": 2,
          "Damage": 12,
          "MeterGain": 4.5,
          "AttackHitStop": 21,
          "AttackHitStun": 31,
          "KnockBack": 3.0,
          "AirKnockbackVertical": -2.0,
          "AirKnockbackHorizontal": 2.0,
          "Pushback": 1.0,
          "ParticleXOffset": 0,
          "ParticleYOffset": 0,
          "ParticleEffect": "sHitEffect",
          "ParticleDuration": 0,
          "Launches": true,
          "LaunchKnockbackVertical": -2.0,
          "LaunchKnockbackHorizontal": 1.0,
          "ComboScaling": 1.0,
          "CausesWallbounce": false,
          "HitSound": "sfx_Medium_Hit"
        }
      ],
      "CommandNormalData": {
        "NumpadDirection": 0,
        "Button": 1,
        "GroundOrAir": false,
        "CancelWhenLanding": false
      },
      "NumberOfEnhancements": 0,
      "SpecialData": [],
      "IsThrow": false,
      "OpponentPositionData": {
        "DistanceFromWall": 0.0,
        "ThrowOffset": 0,
        "NumberOfFrames": 0,
        "Frames": []
      },
      "NumberOfHurtboxes": 2,
      "HurtboxData": [
        {
          "Start": 4,
          "Lifetime": 21,
          "AttackWidth": 13,
          "AttackHeight": 14,
          "WidthOffset": 10,
          "HeightOffset": 0
        },
        {
          "Start": 25,
          "Lifetime": 11,
          "AttackWidth": 14,
          "AttackHeight": 13,
          "WidthOffset": 6,
          "HeightOffset": 8
        }
      ],
      "NumberOfProjectiles": 0,
      "ProjectileData": [],
      "RehitData": {
        "HitBox": 1,
        "NumberOfHits": 0,
        "HitOnFrames": []
      },
      "GroundMovementData": {
        "NumberOfWindows": 4,
        "Windows": [
          {
            "StartingFrame": 0,
            "HorizontalSpeed": 1.0,
            "VerticalSpeed": 0.0,
            "OverwriteVerticalSpeed": false,
            "OverwriteHorizontalSpeed": true
          },
          {
            "StartingFrame": 6,
            "HorizontalSpeed": 0.0,
            "VerticalSpeed": 0.0,
            "OverwriteVerticalSpeed": false,
            "OverwriteHorizontalSpeed": true
          },
          {
            "StartingFrame": 24,
            "HorizontalSpeed": -1.0,
            "VerticalSpeed": 0.0,
            "OverwriteVerticalSpeed": false,
            "OverwriteHorizontalSpeed": true
          },
          {
            "StartingFrame": 30,
            "HorizontalSpeed": 0.0,
            "VerticalSpeed": 0.0,
            "OverwriteVerticalSpeed": false,
            "OverwriteHorizontalSpeed": true
          }
        ],
        "GravityScale": 0.0,
        "FallScale": 0.0
      },
      "AirMovementData": {
        "NumberOfWindows": 0,
        "Windows": [],
        "GravityScale": 0.0,
        "FallScale": 0.0
      },
      "SupplimentaryScript": "",
      "NumberOfSounds": 0,
      "MoveSoundData": [],
      "SpiritData": {
        "ToggleState": false,
        "PerformAttack": false,
        "PerformInSpiritOff": false,
        "StartXOffset": 0,
        "StartYOffset": 0,
        "SummonSpirit": false,
        "ReturnToPlayer": false,
        "MaintainPosition": false,
        "Vulnerable": false,
        "OnlyInSpiritOff": false
      }
    },
    {
      "UID": "4c2b45a3-d52d-4ea6-b52f-145e2651a9fa",
      "MoveType": 4096,
      "MoveCanCancelInto": 0,
      "EnhanceMoveType": 0,
      "EnhanceMoveCanCancelInto": 0,
      "InMovesets": [],
      "SwitchMoveset": false,
      "SwitchToMoveset": 0,
      "SpriteName": "sJay_SC_CrouchingHeavy_MOCKUP_strip6",
      "Duration": 40,
      "NumberOfFrames": 6,
      "FrameData": [
        {
          "Length": 5,
          "ImageIndex": 1
        },
        {
          "Length": 9,
          "ImageIndex": 2
        },
        {
          "Length": 16,
          "ImageIndex": 3
        },
        {
          "Length": 30,
          "ImageIndex": 4
        },
        {
          "Length": 35,
          "ImageIndex": 5
        },
        {
          "Length": 40,
          "ImageIndex": 6
        }
      ],
      "NumberOfHitboxes": 1,
      "AttackData": [
        {
          "Start": 9,
          "Lifetime": 7,
          "AttackWidth": 22,
          "AttackHeight": 33,
          "WidthOffset": 5,
          "HeightOffset": 15,
          "Group": 0,
          "Damage": 12,
          "AttackHitStop": 11,
          "AttackHitStun": 23,
          "AttackType": 1,
          "BlockStun": 9.0,
          "KnockBack": 2.0,
          "AirKnockbackVertical": -2.5,
          "AirKnockbackHorizontal": -0.75,
          "Launches": true,
          "LaunchKnockbackVertical": -3.0,
          "LaunchKnockbackHorizontal": 0.5,
          "Pushback": 3.0,
          "ParticleXOffset": 0,
          "ParticleYOffset": 0,
          "ParticleEffect": "sHitEffect",
          "ParticleDuration": 5,
          "HoldXOffset": 0,
          "HoldYOffset": 0,
          "MeterGain": 9.0,
          "ComboScaling": 1.0,
          "CausesWallbounce": false,
          "HitSound": "sfx_Heavy_Hit"
        }
      ],
      "CounterData": [
        {
          "CounterHitLevel": 3,
          "Group": 1,
          "Damage": 15,
          "MeterGain": 11.0,
          "AttackHitStop": 12,
          "AttackHitStun": 30,
          "KnockBack": 1.5,
          "AirKnockbackVertical": -3.5,
          "AirKnockbackHorizontal": 0.5,
          "Pushback": 3.5,
          "ParticleXOffset": 0,
          "ParticleYOffset": 0,
          "ParticleEffect": "sHitEffect",
          "ParticleDuration": 5,
          "Launches": true,
          "LaunchKnockbackVertical": -5.0,
          "LaunchKnockbackHorizontal": 0.5,
          "ComboScaling": 1.0,
          "CausesWallbounce": false,
          "HitSound": "sfx_Heavy_Hit"
        }
      ],
      "CommandNormalData": {
        "NumpadDirection": 0,
        "Button": 1,
        "GroundOrAir": false,
        "CancelWhenLanding": false
      },
      "NumberOfEnhancements": 0,
      "SpecialData": [],
      "IsThrow": false,
      "OpponentPositionData": {
        "DistanceFromWall": 0.0,
        "ThrowOffset": 0,
        "NumberOfFrames": 0,
        "Frames": []
      },
      "NumberOfHurtboxes": 1,
      "HurtboxData": [
        {
          "Start": 9,
          "Lifetime": 28,
          "AttackWidth": 13,
          "AttackHeight": 28,
          "WidthOffset": 4,
          "HeightOffset": 16
        }
      ],
      "NumberOfProjectiles": 0,
      "ProjectileData": [],
      "RehitData": {
        "HitBox": 0,
        "NumberOfHits": 0,
        "HitOnFrames": []
      },
      "GroundMovementData": {
        "NumberOfWindows": 0,
        "Windows": [],
        "GravityScale": 0.0,
        "FallScale": 0.0
      },
      "AirMovementData": {
        "NumberOfWindows": 0,
        "Windows": [],
        "GravityScale": 0.0,
        "FallScale": 0.0
      },
      "SupplimentaryScript": "",
      "NumberOfSounds": 0,
      "MoveSoundData": [],
      "SpiritData": {
        "ToggleState": false,
        "PerformAttack": false,
        "PerformInSpiritOff": false,
        "StartXOffset": 0,
        "StartYOffset": 0,
        "SummonSpirit": false,
        "ReturnToPlayer": false,
        "MaintainPosition": false,
        "Vulnerable": false,
        "OnlyInSpiritOff": false
      }
    },
    {
      "UID": "0f9754f1-1f91-4655-9b4e-354cee8df067",
      "MoveType": 8192,
      "MoveCanCancelInto": 0,
      "EnhanceMoveType": 0,
      "EnhanceMoveCanCancelInto": 0,
      "InMovesets": [],
      "SwitchMoveset": false,
      "SwitchToMoveset": 0,
      "SpriteName": "sJay_SC_JumpingLight_MOCKUP_strip3",
      "Duration": 999,
      "NumberOfFrames": 3,
      "FrameData": [
        {
          "Length": 4,
          "ImageIndex": 1
        },
        {
          "Length": 12,
          "ImageIndex": 2
        },
        {
          "Length": 99,
          "ImageIndex": 3
        }
      ],
      "NumberOfHitboxes": 1,
      "AttackData": [
        {
          "Start": 4,
          "Lifetime": 8,
          "AttackWidth": 14,
          "AttackHeight": 22,
          "WidthOffset": 6,
          "HeightOffset": 0,
          "Group": 1,
          "Damage": 7,
          "AttackHitStop": 6,
          "AttackHitStun": 7,
          "AttackType": 0,
          "BlockStun": 3.0,
          "KnockBack": 2.0,
          "AirKnockbackVertical": 0.0,
          "AirKnockbackHorizontal": 1.5,
          "Launches": false,
          "LaunchKnockbackVertical": 0.0,
          "LaunchKnockbackHorizontal": 0.0,
          "Pushback": 0.0,
          "ParticleXOffset": 0,
          "ParticleYOffset": 0,
          "ParticleEffect": "sSmallHitspark",
          "ParticleDuration": 5,
          "HoldXOffset": 0,
          "HoldYOffset": 0,
          "MeterGain": 4.0,
          "ComboScaling": 3.0,
          "CausesWallbounce": false,
          "HitSound": "sfx_Light_Hit"
        }
      ],
      "CounterData": [
        {
          "CounterHitLevel": 1,
          "Group": 1,
          "Damage": 9,
          "MeterGain": 7.0,
          "AttackHitStop": 8,
          "AttackHitStun": 6,
          "KnockBack": 2.0,
          "AirKnockbackVertical": -1.0,
          "AirKnockbackHorizontal": 1.0,
          "Pushback": 3.0,
          "ParticleXOffset": 0,
          "ParticleYOffset": 0,
          "ParticleEffect": "sSmallHitspark",
          "ParticleDuration": 5,
          "Launches": false,
          "LaunchKnockbackVertical": 0.0,
          "LaunchKnockbackHorizontal": 0.0,
          "ComboScaling": 2.5,
          "CausesWallbounce": false,
          "HitSound": "sfx_Light_Hit"
        }
      ],
      "CommandNormalData": {
        "NumpadDirection": 0,
        "Button": 1,
        "GroundOrAir": false,
        "CancelWhenLanding": false
      },
      "NumberOfEnhancements": 0,
      "SpecialData": [],
      "IsThrow": false,
      "OpponentPositionData": {
        "DistanceFromWall": 0.0,
        "ThrowOffset": 0,
        "NumberOfFrames": 0,
        "Frames": []
      },
      "NumberOfHurtboxes": 1,
      "HurtboxData": [
        {
          "Start": 4,
          "Lifetime": 99,
          "AttackWidth": 11,
          "AttackHeight": 16,
          "WidthOffset": 8,
          "HeightOffset": 0
        }
      ],
      "NumberOfProjectiles": 0,
      "ProjectileData": [],
      "RehitData": {
        "HitBox": 0,
        "NumberOfHits": 0,
        "HitOnFrames": []
      },
      "GroundMovementData": {
        "NumberOfWindows": 0,
        "Windows": [],
        "GravityScale": 0.0,
        "FallScale": 0.0
      },
      "AirMovementData": {
        "NumberOfWindows": 0,
        "Windows": [],
        "GravityScale": 0.0,
        "FallScale": 0.0
      },
      "SupplimentaryScript": "",
      "NumberOfSounds": 0,
      "MoveSoundData": [],
      "SpiritData": {
        "ToggleState": false,
        "PerformAttack": false,
        "PerformInSpiritOff": false,
        "StartXOffset": 0,
        "StartYOffset": 0,
        "SummonSpirit": false,
        "ReturnToPlayer": false,
        "MaintainPosition": false,
        "Vulnerable": false,
        "OnlyInSpiritOff": false
      }
    },
    {
      "UID": "843d055f-3282-4308-aae9-f4a5d879839a",
      "MoveType": 16384,
      "MoveCanCancelInto": 0,
      "EnhanceMoveType": 0,
      "EnhanceMoveCanCancelInto": 0,
      "InMovesets": [],
      "SwitchMoveset": false,
      "SwitchToMoveset": 0,
      "SpriteName": "sJay_SC_JumpingMeduim_MOCKUP_strip5",
      "Duration": 27,
      "NumberOfFrames": 5,
      "FrameData": [
        {
          "Length": 2,
          "ImageIndex": 1
        },
        {
          "Length": 8,
          "ImageIndex": 2
        },
        {
          "Length": 15,
          "ImageIndex": 3
        },
        {
          "Length": 20,
          "ImageIndex": 4
        },
        {
          "Length": 25,
          "ImageIndex": 5
        }
      ],
      "NumberOfHitboxes": 1,
      "AttackData": [
        {
          "Start": 8,
          "Lifetime": 7,
          "AttackWidth": 26,
          "AttackHeight": 17,
          "WidthOffset": 6,
          "HeightOffset": 11,
          "Group": 1,
          "Damage": 9,
          "AttackHitStop": 10,
          "AttackHitStun": 12,
          "AttackType": 0,
          "BlockStun": 6.5,
          "KnockBack": 3.0,
          "AirKnockbackVertical": 1.0,
          "AirKnockbackHorizontal": 1.0,
          "Launches": false,
          "LaunchKnockbackVertical": 0.0,
          "LaunchKnockbackHorizontal": 0.0,
          "Pushback": 2.0,
          "ParticleXOffset": 10,
          "ParticleYOffset": 5,
          "ParticleEffect": "sHitEffect",
          "ParticleDuration": 0,
          "HoldXOffset": 0,
          "HoldYOffset": 0,
          "MeterGain": 7.0,
          "ComboScaling": 2.0,
          "CausesWallbounce": false,
          "HitSound": "sfx_Medium_Hit"
        }
      ],
      "CounterData": [
        {
          "CounterHitLevel": 2,
          "Group": 1,
          "Damage": 15,
          "MeterGain": 13.0,
          "AttackHitStop": 18,
          "AttackHitStun": 16,
          "KnockBack": 3.0,
          "AirKnockbackVertical": 3.0,
          "AirKnockbackHorizontal": 1.0,
          "Pushback": 0.5,
          "ParticleXOffset": 10,
          "ParticleYOffset": 5,
          "ParticleEffect": "sHitEffect",
          "ParticleDuration": 5,
          "Launches": true,
          "LaunchKnockbackVertical": -2.0,
          "LaunchKnockbackHorizontal": 1.0,
          "ComboScaling": 1.5,
          "CausesWallbounce": false,
          "HitSound": "sfx_Medium_Hit"
        }
      ],
      "CommandNormalData": {
        "NumpadDirection": 0,
        "Button": 1,
        "GroundOrAir": false,
        "CancelWhenLanding": false
      },
      "NumberOfEnhancements": 0,
      "SpecialData": [],
      "IsThrow": false,
      "OpponentPositionData": {
        "DistanceFromWall": 0.0,
        "ThrowOffset": 0,
        "NumberOfFrames": 0,
        "Frames": []
      },
      "NumberOfHurtboxes": 1,
      "HurtboxData": [
        {
          "Start": 8,
          "Lifetime": 12,
          "AttackWidth": 26,
          "AttackHeight": 16,
          "WidthOffset": 6,
          "HeightOffset": 8
        }
      ],
      "NumberOfProjectiles": 0,
      "ProjectileData": [],
      "RehitData": {
        "HitBox": 0,
        "NumberOfHits": 0,
        "HitOnFrames": []
      },
      "GroundMovementData": {
        "NumberOfWindows": 0,
        "Windows": [],
        "GravityScale": 0.0,
        "FallScale": 0.0
      },
      "AirMovementData": {
        "NumberOfWindows": 0,
        "Windows": [],
        "GravityScale": 0.0,
        "FallScale": 0.0
      },
      "SupplimentaryScript": "",
      "NumberOfSounds": 0,
      "MoveSoundData": [],
      "SpiritData": {
        "ToggleState": false,
        "PerformAttack": false,
        "PerformInSpiritOff": false,
        "StartXOffset": 0,
        "StartYOffset": 0,
        "SummonSpirit": false,
        "ReturnToPlayer": false,
        "MaintainPosition": false,
        "Vulnerable": false,
        "OnlyInSpiritOff": false
      }
    },
    {
      "UID": "66f186cc-c71e-40b2-a8e9-4f2c99e7ec03",
      "MoveType": 32768,
      "MoveCanCancelInto": 0,
      "EnhanceMoveType": 0,
      "EnhanceMoveCanCancelInto": 0,
      "InMovesets": [],
      "SwitchMoveset": false,
      "SwitchToMoveset": 0,
      "SpriteName": "sJay_SC_JumpingHeavy_MOCKUP_strip5",
      "Duration": 35,
      "NumberOfFrames": 5,
      "FrameData": [
        {
          "Length": 11,
          "ImageIndex": 1
        },
        {
          "Length": 17,
          "ImageIndex": 2
        },
        {
          "Length": 24,
          "ImageIndex": 3
        },
        {
          "Length": 30,
          "ImageIndex": 4
        },
        {
          "Length": 35,
          "ImageIndex": 5
        }
      ],
      "NumberOfHitboxes": 1,
      "AttackData": [
        {
          "Start": 11,
          "Lifetime": 6,
          "AttackWidth": 37,
          "AttackHeight": 15,
          "WidthOffset": 2,
          "HeightOffset": 10,
          "Group": 1,
          "Damage": 12,
          "AttackHitStop": 12,
          "AttackHitStun": 18,
          "AttackType": 0,
          "BlockStun": 4.0,
          "KnockBack": 4.0,
          "AirKnockbackVertical": -2.0,
          "AirKnockbackHorizontal": 3.0,
          "Launches": true,
          "LaunchKnockbackVertical": -3.0,
          "LaunchKnockbackHorizontal": 3.0,
          "Pushback": 2.0,
          "ParticleXOffset": 10,
          "ParticleYOffset": 5,
          "ParticleEffect": "sHitEffect",
          "ParticleDuration": 5,
          "HoldXOffset": 0,
          "HoldYOffset": 0,
          "MeterGain": 9.0,
          "ComboScaling": 2.0,
          "CausesWallbounce": false,
          "HitSound": "sfx_Heavy_Hit"
        }
      ],
      "CounterData": [
        {
          "CounterHitLevel": 3,
          "Group": 1,
          "Damage": 17,
          "MeterGain": 21.0,
          "AttackHitStop": 30,
          "AttackHitStun": 14,
          "KnockBack": 4.0,
          "AirKnockbackVertical": -2.5,
          "AirKnockbackHorizontal": 3.0,
          "Pushback": 2.0,
          "ParticleXOffset": 10,
          "ParticleYOffset": 5,
          "ParticleEffect": "sHitEffect",
          "ParticleDuration": 0,
          "Launches": true,
          "LaunchKnockbackVertical": -4.0,
          "LaunchKnockbackHorizontal": 4.0,
          "ComboScaling": 1.5,
          "CausesWallbounce": false,
          "HitSound": "sfx_Heavy_Hit"
        }
      ],
      "CommandNormalData": {
        "NumpadDirection": 0,
        "Button": 1,
        "GroundOrAir": false,
        "CancelWhenLanding": false
      },
      "NumberOfEnhancements": 0,
      "SpecialData": [],
      "IsThrow": false,
      "OpponentPositionData": {
        "DistanceFromWall": 0.0,
        "ThrowOffset": 0,
        "NumberOfFrames": 0,
        "Frames": []
      },
      "NumberOfHurtboxes": 1,
      "HurtboxData": [
        {
          "Start": 11,
          "Lifetime": 13,
          "AttackWidth": 35,
          "AttackHeight": 15,
          "WidthOffset": 7,
          "HeightOffset": 9
        }
      ],
      "NumberOfProjectiles": 0,
      "ProjectileData": [],
      "RehitData": {
        "HitBox": 0,
        "NumberOfHits": 0,
        "HitOnFrames": []
      },
      "GroundMovementData": {
        "NumberOfWindows": 0,
        "Windows": [],
        "GravityScale": 0.0,
        "FallScale": 0.0
      },
      "AirMovementData": {
        "NumberOfWindows": 0,
        "Windows": [],
        "GravityScale": 0.0,
        "FallScale": 0.0
      },
      "SupplimentaryScript": "",
      "NumberOfSounds": 0,
      "MoveSoundData": [],
      "SpiritData": {
        "ToggleState": false,
        "PerformAttack": false,
        "PerformInSpiritOff": false,
        "StartXOffset": 0,
        "StartYOffset": 0,
        "SummonSpirit": false,
        "ReturnToPlayer": false,
        "MaintainPosition": false,
        "Vulnerable": false,
        "OnlyInSpiritOff": false
      }
    },
    {
      "UID": "e6ba15f6-35dd-4da7-9bf8-d61c116445aa",
      "MoveType": 65536,
      "MoveCanCancelInto": 0,
      "EnhanceMoveType": 0,
      "EnhanceMoveCanCancelInto": 0,
      "InMovesets": [],
      "SwitchMoveset": false,
      "SwitchToMoveset": 0,
      "SpriteName": "sJay_SC_UpSpecial_MOCKUP_strip8",
      "Duration": 27,
      "NumberOfFrames": 8,
      "FrameData": [
        {
          "Length": 4,
          "ImageIndex": 1
        },
        {
          "Length": 8,
          "ImageIndex": 2
        },
        {
          "Length": 15,
          "ImageIndex": 3
        },
        {
          "Length": 17,
          "ImageIndex": 4
        },
        {
          "Length": 19,
          "ImageIndex": 5
        },
        {
          "Length": 23,
          "ImageIndex": 6
        },
        {
          "Length": 25,
          "ImageIndex": 7
        },
        {
          "Length": 27,
          "ImageIndex": 8
        }
      ],
      "NumberOfHitboxes": 1,
      "AttackData": [
        {
          "Start": 15,
          "Lifetime": 8,
          "AttackWidth": 18,
          "AttackHeight": 47,
          "WidthOffset": 3,
          "HeightOffset": 11,
          "Group": 12,
          "Damage": 12,
          "AttackHitStop": 12,
          "AttackHitStun": 18,
          "AttackType": 1,
          "BlockStun": 2.0,
          "KnockBack": 1.0,
          "AirKnockbackVertical": -4.0,
          "AirKnockbackHorizontal": 0.5,
          "Launches": true,
          "LaunchKnockbackVertical": -5.0,
          "LaunchKnockbackHorizontal": 0.5,
          "Pushback": 1.0,
          "ParticleXOffset": 10,
          "ParticleYOffset": 10,
          "ParticleEffect": "sHitEffect",
          "ParticleDuration": 10,
          "HoldXOffset": 0,
          "HoldYOffset": 0,
          "MeterGain": 12.0,
          "ComboScaling": 2.0,
          "CausesWallbounce": false,
          "HitSound": "sfx_Heavy_Hit"
        }
      ],
      "CounterData": [
        {
          "CounterHitLevel": 3,
          "Group": 1,
          "Damage": 18,
          "MeterGain": 17.0,
          "AttackHitStop": 13,
          "AttackHitStun": 21,
          "KnockBack": 1.0,
          "AirKnockbackVertical": -5.0,
          "AirKnockbackHorizontal": 0.5,
          "Pushback": 1.0,
          "ParticleXOffset": 10,
          "ParticleYOffset": 10,
          "ParticleEffect": "sHitbox",
          "ParticleDuration": 0,
          "Launches": true,
          "LaunchKnockbackVertical": -6.0,
          "LaunchKnockbackHorizontal": 0.5,
          "ComboScaling": 1.0,
          "CausesWallbounce": false,
          "HitSound": "sfx_Heavy_Hit"
        }
      ],
      "CommandNormalData": {
        "NumpadDirection": 0,
        "Button": 1,
        "GroundOrAir": false,
        "CancelWhenLanding": false
      },
      "NumberOfEnhancements": 0,
      "SpecialData": [],
      "IsThrow": false,
      "OpponentPositionData": {
        "DistanceFromWall": 0.0,
        "ThrowOffset": 0,
        "NumberOfFrames": 0,
        "Frames": []
      },
      "NumberOfHurtboxes": 1,
      "HurtboxData": [
        {
          "Start": 15,
          "Lifetime": 5,
          "AttackWidth": 18,
          "AttackHeight": 35,
          "WidthOffset": 2,
          "HeightOffset": 24
        }
      ],
      "NumberOfProjectiles": 0,
      "ProjectileData": [],
      "RehitData": {
        "HitBox": 1,
        "NumberOfHits": 0,
        "HitOnFrames": []
      },
      "GroundMovementData": {
        "NumberOfWindows": 2,
        "Windows": [
          {
            "StartingFrame": 0,
            "HorizontalSpeed": 0.5,
            "VerticalSpeed": 0.0,
            "OverwriteVerticalSpeed": false,
            "OverwriteHorizontalSpeed": true
          },
          {
            "StartingFrame": 15,
            "HorizontalSpeed": 0.0,
            "VerticalSpeed": 0.0,
            "OverwriteVerticalSpeed": false,
            "OverwriteHorizontalSpeed": true
          }
        ],
        "GravityScale": 0.0,
        "FallScale": 0.0
      },
      "AirMovementData": {
        "NumberOfWindows": 0,
        "Windows": [],
        "GravityScale": 1.0,
        "FallScale": 1.0
      },
      "SupplimentaryScript": "",
      "NumberOfSounds": 0,
      "MoveSoundData": [],
      "SpiritData": {
        "ToggleState": false,
        "PerformAttack": false,
        "PerformInSpiritOff": false,
        "StartXOffset": 0,
        "StartYOffset": 0,
        "SummonSpirit": false,
        "ReturnToPlayer": false,
        "MaintainPosition": false,
        "Vulnerable": false,
        "OnlyInSpiritOff": false
      }
    },
    {
      "UID": "3273e28c-993e-479f-8d92-e1e4fe75d4ae",
      "MoveType": 131072,
      "MoveCanCancelInto": 0,
      "EnhanceMoveType": 0,
      "EnhanceMoveCanCancelInto": 0,
      "InMovesets": [],
      "SwitchMoveset": false,
      "SwitchToMoveset": 0,
      "SpriteName": "sJay_SC_DownSpecial1_MOCKUP_strip3",
      "Duration": 27,
      "NumberOfFrames": 9,
      "FrameData": [
        {
          "Length": 3,
          "ImageIndex": 1
        },
        {
          "Length": 6,
          "ImageIndex": 2
        },
        {
          "Length": 8,
          "ImageIndex": 3
        },
        {
          "Length": 12,
          "ImageIndex": 1
        },
        {
          "Length": 15,
          "ImageIndex": 2
        },
        {
          "Length": 18,
          "ImageIndex": 3
        },
        {
          "Length": 21,
          "ImageIndex": 1
        },
        {
          "Length": 24,
          "ImageIndex": 2
        },
        {
          "Length": 27,
          "ImageIndex": 3
        }
      ],
      "NumberOfHitboxes": 1,
      "AttackData": [
        {
          "Start": 6,
          "Lifetime": 5,
          "AttackWidth": 29,
          "AttackHeight": 42,
          "WidthOffset": -7,
          "HeightOffset": 0,
          "Group": 1,
          "Damage": 3,
          "AttackHitStop": 10,
          "AttackHitStun": 25,
          "AttackType": 1,
          "BlockStun": 12.0,
          "KnockBack": 1.0,
          "AirKnockbackVertical": -2.0,
          "AirKnockbackHorizontal": 1.0,
          "Launches": false,
          "LaunchKnockbackVertical": 0.0,
          "LaunchKnockbackHorizontal": 0.0,
          "Pushback": 1.0,
          "ParticleXOffset": 0,
          "ParticleYOffset": 0,
          "ParticleEffect": "sHitEffect",
          "ParticleDuration": 5,
          "HoldXOffset": 0,
          "HoldYOffset": 0,
          "MeterGain": 3.0,
          "ComboScaling": 2.0,
          "CausesWallbounce": false,
          "HitSound": "sfx_light_hit2"
        }
      ],
      "CounterData": [
        {
          "CounterHitLevel": 2,
          "Group": 1,
          "Damage": 12,
          "MeterGain": 8.0,
          "AttackHitStop": 13,
          "AttackHitStun": 28,
          "KnockBack": 2.0,
          "AirKnockbackVertical": 0.0,
          "AirKnockbackHorizontal": 0.0,
          "Pushback": 2.0,
          "ParticleXOffset": 0,
          "ParticleYOffset": 0,
          "ParticleEffect": "sHitEffect",
          "ParticleDuration": 5,
          "Launches": false,
          "LaunchKnockbackVertical": -3.0,
          "LaunchKnockbackHorizontal": 1.0,
          "ComboScaling": 1.5,
          "CausesWallbounce": false,
          "HitSound": "sfx_light_hit2"
        }
      ],
      "CommandNormalData": {
        "NumpadDirection": 0,
        "Button": 1,
        "GroundOrAir": false,
        "CancelWhenLanding": false
      },
      "NumberOfEnhancements": 0,
      "SpecialData": [],
      "IsThrow": false,
      "OpponentPositionData": {
        "DistanceFromWall": 0.0,
        "ThrowOffset": 0,
        "NumberOfFrames": 0,
        "Frames": []
      },
      "NumberOfHurtboxes": 0,
      "HurtboxData": [],
      "NumberOfProjectiles": 0,
      "ProjectileData": [],
      "RehitData": {
        "HitBox": 1,
        "NumberOfHits": 2,
        "HitOnFrames": [
          12,
          18
        ]
      },
      "GroundMovementData": {
        "NumberOfWindows": 2,
        "Windows": [
          {
            "StartingFrame": 0,
            "HorizontalSpeed": 0.5,
            "VerticalSpeed": 0.0,
            "OverwriteVerticalSpeed": false,
            "OverwriteHorizontalSpeed": true
          },
          {
            "StartingFrame": 27,
            "HorizontalSpeed": 0.0,
            "VerticalSpeed": 0.0,
            "OverwriteVerticalSpeed": false,
            "OverwriteHorizontalSpeed": true
          }
        ],
        "GravityScale": 0.0,
        "FallScale": 0.0
      },
      "AirMovementData": {
        "NumberOfWindows": 2,
        "Windows": [
          {
            "StartingFrame": 0,
            "HorizontalSpeed": 0.0,
            "VerticalSpeed": 5.0,
            "OverwriteVerticalSpeed": true,
            "OverwriteHorizontalSpeed": false
          },
          {
            "StartingFrame": 27,
            "HorizontalSpeed": 0.0,
            "VerticalSpeed": 0.0,
            "OverwriteVerticalSpeed": true,
            "OverwriteHorizontalSpeed": false
          }
        ],
        "GravityScale": 0.0,
        "FallScale": 0.0
      },
      "SupplimentaryScript": "",
      "NumberOfSounds": 0,
      "MoveSoundData": [],
      "SpiritData": {
        "ToggleState": false,
        "PerformAttack": false,
        "PerformInSpiritOff": false,
        "StartXOffset": 0,
        "StartYOffset": 0,
        "SummonSpirit": false,
        "ReturnToPlayer": false,
        "MaintainPosition": false,
        "Vulnerable": false,
        "OnlyInSpiritOff": true
      }
    },
    {
      "UID": "36c6d3b2-0fa6-4c90-a29f-2bab048c7216",
      "MoveType": 0,
      "MoveCanCancelInto": 0,
      "EnhanceMoveType": 2048,
      "EnhanceMoveCanCancelInto": 0,
      "InMovesets": [],
      "SwitchMoveset": false,
      "SwitchToMoveset": 0,
      "SpriteName": "sJay_SC_DownSpecial2B_MOCKUP_strip6",
      "Duration": 30,
      "NumberOfFrames": 6,
      "FrameData": [
        {
          "Length": 8,
          "ImageIndex": 1
        },
        {
          "Length": 17,
          "ImageIndex": 2
        },
        {
          "Length": 20,
          "ImageIndex": 3
        },
        {
          "Length": 24,
          "ImageIndex": 4
        },
        {
          "Length": 28,
          "ImageIndex": 5
        },
        {
          "Length": 30,
          "ImageIndex": 6
        }
      ],
      "NumberOfHitboxes": 1,
      "AttackData": [
        {
          "Start": 17,
          "Lifetime": 7,
          "AttackWidth": 35,
          "AttackHeight": 14,
          "WidthOffset": 0,
          "HeightOffset": 0,
          "Group": 1,
          "Damage": 10,
          "AttackHitStop": 12,
          "AttackHitStun": 25,
          "AttackType": 2,
          "BlockStun": 10.0,
          "KnockBack": 2.0,
          "AirKnockbackVertical": -2.5,
          "AirKnockbackHorizontal": 0.0,
          "Launches": true,
          "LaunchKnockbackVertical": -3.0,
          "LaunchKnockbackHorizontal": -0.25,
          "Pushback": 1.0,
          "ParticleXOffset": 10,
          "ParticleYOffset": 0,
          "ParticleEffect": "sHitbox",
          "ParticleDuration": 5,
          "HoldXOffset": 0,
          "HoldYOffset": 0,
          "MeterGain": 10.0,
          "ComboScaling": 1.0,
          "CausesWallbounce": false,
          "HitSound": "sfx_Heavy_Hit"
        }
      ],
      "CounterData": [
        {
          "CounterHitLevel": 3,
          "Group": 1,
          "Damage": 15,
          "MeterGain": 13.0,
          "AttackHitStop": 16,
          "AttackHitStun": 30,
          "KnockBack": 1.0,
          "AirKnockbackVertical": -4.0,
          "AirKnockbackHorizontal": -0.25,
          "Pushback": 1.0,
          "ParticleXOffset": 5,
          "ParticleYOffset": 0,
          "ParticleEffect": "sHitEffect",
          "ParticleDuration": 5,
          "Launches": true,
          "LaunchKnockbackVertical": -6.0,
          "LaunchKnockbackHorizontal": -0.5,
          "ComboScaling": 0.5,
          "CausesWallbounce": false,
          "HitSound": "sfx_Heavy_Hit"
        }
      ],
      "CommandNormalData": {
        "NumpadDirection": 0,
        "Button": 1,
        "GroundOrAir": false,
        "CancelWhenLanding": false
      },
      "NumberOfEnhancements": 0,
      "SpecialData": [],
      "IsThrow": false,
      "OpponentPositionData": {
        "DistanceFromWall": 0.0,
        "ThrowOffset": 0,
        "NumberOfFrames": 0,
        "Frames": []
      },
      "NumberOfHurtboxes": 1,
      "HurtboxData": [
        {
          "Start": 17,
          "Lifetime": 3,
          "AttackWidth": 36,
          "AttackHeight": 16,
          "WidthOffset": 0,
          "HeightOffset": 0
        }
      ],
      "NumberOfProjectiles": 0,
      "ProjectileData": [],
      "RehitData": {
        "HitBox": 1,
        "NumberOfHits": 0,
        "HitOnFrames": []
      },
      "GroundMovementData": {
        "NumberOfWindows": 2,
        "Windows": [
          {
            "StartingFrame": 0,
            "HorizontalSpeed": 0.5,
            "VerticalSpeed": 0.0,
            "OverwriteVerticalSpeed": false,
            "OverwriteHorizontalSpeed": true
          },
          {
            "StartingFrame": 17,
            "HorizontalSpeed": 0.0,
            "VerticalSpeed": 0.0,
            "OverwriteVerticalSpeed": false,
            "OverwriteHorizontalSpeed": true
          }
        ],
        "GravityScale": 0.0,
        "FallScale": 0.0
      },
      "AirMovementData": {
        "NumberOfWindows": 0,
        "Windows": [],
        "GravityScale": 0.0,
        "FallScale": 0.0
      },
      "SupplimentaryScript": "",
      "NumberOfSounds": 0,
      "MoveSoundData": [],
      "SpiritData": {
        "ToggleState": false,
        "PerformAttack": false,
        "PerformInSpiritOff": false,
        "StartXOffset": 0,
        "StartYOffset": 0,
        "SummonSpirit": false,
        "ReturnToPlayer": false,
        "MaintainPosition": false,
        "Vulnerable": true,
        "OnlyInSpiritOff": false
      }
    },
    {
      "UID": "648fbe77-aff3-4208-a574-95ccd83ee6da",
      "MoveType": 0,
      "MoveCanCancelInto": 0,
      "EnhanceMoveType": 4096,
      "EnhanceMoveCanCancelInto": 0,
      "InMovesets": [],
      "SwitchMoveset": false,
      "SwitchToMoveset": 0,
      "SpriteName": "sJay_SC_DownSpecia2A_MOCKUP_strip5",
      "Duration": 20,
      "NumberOfFrames": 5,
      "FrameData": [
        {
          "Length": 2,
          "ImageIndex": 1
        },
        {
          "Length": 4,
          "ImageIndex": 2
        },
        {
          "Length": 7,
          "ImageIndex": 3
        },
        {
          "Length": 13,
          "ImageIndex": 4
        },
        {
          "Length": 20,
          "ImageIndex": 5
        }
      ],
      "NumberOfHitboxes": 1,
      "AttackData": [
        {
          "Start": 7,
          "Lifetime": 6,
          "AttackWidth": 16,
          "AttackHeight": 34,
          "WidthOffset": 16,
          "HeightOffset": 0,
          "Group": 1,
          "Damage": 8,
          "AttackHitStop": 11,
          "AttackHitStun": 14,
          "AttackType": 0,
          "BlockStun": 8.0,
          "KnockBack": 2.0,
          "AirKnockbackVertical": -2.0,
          "AirKnockbackHorizontal": 2.0,
          "Launches": false,
          "LaunchKnockbackVertical": 0.0,
          "LaunchKnockbackHorizontal": 0.0,
          "Pushback": 1.0,
          "ParticleXOffset": 0,
          "ParticleYOffset": 0,
          "ParticleEffect": "sArcadeBackground",
          "ParticleDuration": 0,
          "HoldXOffset": 10,
          "HoldYOffset": 20,
          "MeterGain": 8.0,
          "ComboScaling": 2.0,
          "CausesWallbounce": false,
          "HitSound": "sfx_Medium_Hit"
        }
      ],
      "CounterData": [
        {
          "CounterHitLevel": 2,
          "Group": 1,
          "Damage": 12,
          "MeterGain": 12.0,
          "AttackHitStop": 14,
          "AttackHitStun": 20,
          "KnockBack": 2.0,
          "AirKnockbackVertical": -3.0,
          "AirKnockbackHorizontal": 1.0,
          "Pushback": 1.0,
          "ParticleXOffset": 10,
          "ParticleYOffset": 20,
          "ParticleEffect": "sHitEffect",
          "ParticleDuration": 5,
          "Launches": false,
          "LaunchKnockbackVertical": 0.0,
          "LaunchKnockbackHorizontal": 0.0,
          "ComboScaling": 1.0,
          "CausesWallbounce": false,
          "HitSound": "sfx_Medium_Hit"
        }
      ],
      "CommandNormalData": {
        "NumpadDirection": 0,
        "Button": 1,
        "GroundOrAir": false,
        "CancelWhenLanding": false
      },
      "NumberOfEnhancements": 0,
      "SpecialData": [],
      "IsThrow": false,
      "OpponentPositionData": {
        "DistanceFromWall": 0.0,
        "ThrowOffset": 0,
        "NumberOfFrames": 0,
        "Frames": []
      },
      "NumberOfHurtboxes": 0,
      "HurtboxData": [],
      "NumberOfProjectiles": 0,
      "ProjectileData": [],
      "RehitData": {
        "HitBox": 1,
        "NumberOfHits": 0,
        "HitOnFrames": []
      },
      "GroundMovementData": {
        "NumberOfWindows": 2,
        "Windows": [
          {
            "StartingFrame": 0,
            "HorizontalSpeed": 2.0,
            "VerticalSpeed": 0.0,
            "OverwriteVerticalSpeed": false,
            "OverwriteHorizontalSpeed": true
          },
          {
            "StartingFrame": 8,
            "HorizontalSpeed": 0.0,
            "VerticalSpeed": 0.0,
            "OverwriteVerticalSpeed": false,
            "OverwriteHorizontalSpeed": true
          }
        ],
        "GravityScale": 0.0,
        "FallScale": 0.0
      },
      "AirMovementData": {
        "NumberOfWindows": 0,
        "Windows": [],
        "GravityScale": 0.0,
        "FallScale": 0.0
      },
      "SupplimentaryScript": "",
      "NumberOfSounds": 0,
      "MoveSoundData": [],
      "SpiritData": {
        "ToggleState": false,
        "PerformAttack": false,
        "PerformInSpiritOff": false,
        "StartXOffset": 0,
        "StartYOffset": 0,
        "SummonSpirit": false,
        "ReturnToPlayer": false,
        "MaintainPosition": false,
        "Vulnerable": false,
        "OnlyInSpiritOff": false
      }
    },
    {
      "UID": "bb216f86-37d8-432f-bb25-fbc82fd3c102",
      "MoveType": 131072,
      "MoveCanCancelInto": 0,
      "EnhanceMoveType": 0,
      "EnhanceMoveCanCancelInto": 0,
      "InMovesets": [],
      "SwitchMoveset": false,
      "SwitchToMoveset": 0,
      "SpriteName": "sJay_SC_DownSpecial1_MOCKUP_strip3",
      "Duration": 27,
      "NumberOfFrames": 9,
      "FrameData": [
        {
          "Length": 3,
          "ImageIndex": 1
        },
        {
          "Length": 6,
          "ImageIndex": 2
        },
        {
          "Length": 8,
          "ImageIndex": 3
        },
        {
          "Length": 12,
          "ImageIndex": 1
        },
        {
          "Length": 15,
          "ImageIndex": 2
        },
        {
          "Length": 18,
          "ImageIndex": 3
        },
        {
          "Length": 21,
          "ImageIndex": 1
        },
        {
          "Length": 24,
          "ImageIndex": 2
        },
        {
          "Length": 27,
          "ImageIndex": 3
        }
      ],
      "NumberOfHitboxes": 0,
      "AttackData": [],
      "CounterData": [],
      "CommandNormalData": {
        "NumpadDirection": 0,
        "Button": 1,
        "GroundOrAir": false,
        "CancelWhenLanding": false
      },
      "NumberOfEnhancements": 0,
      "SpecialData": [],
      "IsThrow": false,
      "OpponentPositionData": {
        "DistanceFromWall": 0.0,
        "ThrowOffset": 0,
        "NumberOfFrames": 0,
        "Frames": []
      },
      "NumberOfHurtboxes": 0,
      "HurtboxData": [],
      "NumberOfProjectiles": 0,
      "ProjectileData": [],
      "RehitData": {
        "HitBox": 0,
        "NumberOfHits": 0,
        "HitOnFrames": []
      },
      "GroundMovementData": {
        "NumberOfWindows": 2,
        "Windows": [
          {
            "StartingFrame": 0,
            "HorizontalSpeed": 0.5,
            "VerticalSpeed": 0.0,
            "OverwriteVerticalSpeed": false,
            "OverwriteHorizontalSpeed": true
          },
          {
            "StartingFrame": 27,
            "HorizontalSpeed": 0.0,
            "VerticalSpeed": 0.0,
            "OverwriteVerticalSpeed": false,
            "OverwriteHorizontalSpeed": true
          }
        ],
        "GravityScale": 0.0,
        "FallScale": 0.0
      },
      "AirMovementData": {
        "NumberOfWindows": 2,
        "Windows": [
          {
            "StartingFrame": 0,
            "HorizontalSpeed": 0.0,
            "VerticalSpeed": 5.0,
            "OverwriteVerticalSpeed": true,
            "OverwriteHorizontalSpeed": false
          },
          {
            "StartingFrame": 27,
            "HorizontalSpeed": 0.0,
            "VerticalSpeed": 0.0,
            "OverwriteVerticalSpeed": true,
            "OverwriteHorizontalSpeed": false
          }
        ],
        "GravityScale": 0.0,
        "FallScale": 0.0
      },
      "SupplimentaryScript": "",
      "NumberOfSounds": 0,
      "MoveSoundData": [],
      "SpiritData": {
        "ToggleState": false,
        "PerformAttack": false,
        "PerformInSpiritOff": false,
        "StartXOffset": 0,
        "StartYOffset": 0,
        "SummonSpirit": false,
        "ReturnToPlayer": false,
        "MaintainPosition": false,
        "Vulnerable": false,
        "OnlyInSpiritOff": false
      }
    },
    {
      "UID": "f5fde31c-c332-48e8-a698-b0f31716e497",
      "MoveType": 8,
      "MoveCanCancelInto": 0,
      "EnhanceMoveType": 0,
      "EnhanceMoveCanCancelInto": 0,
      "InMovesets": [],
      "SwitchMoveset": false,
      "SwitchToMoveset": 0,
      "SpriteName": "sJay_SC_Sidespecia_MOCKUP_strip4",
      "Duration": 23,
      "NumberOfFrames": 4,
      "FrameData": [
        {
          "Length": 9,
          "ImageIndex": 1
        },
        {
          "Length": 15,
          "ImageIndex": 2
        },
        {
          "Length": 18,
          "ImageIndex": 3
        },
        {
          "Length": 20,
          "ImageIndex": 4
        }
      ],
      "NumberOfHitboxes": 0,
      "AttackData": [],
      "CounterData": [],
      "CommandNormalData": {
        "NumpadDirection": 0,
        "Button": 1,
        "GroundOrAir": false,
        "CancelWhenLanding": false
      },
      "NumberOfEnhancements": 0,
      "SpecialData": [],
      "IsThrow": false,
      "OpponentPositionData": {
        "DistanceFromWall": 0.0,
        "ThrowOffset": 0,
        "NumberOfFrames": 0,
        "Frames": []
      },
      "NumberOfHurtboxes": 0,
      "HurtboxData": [],
      "NumberOfProjectiles": 1,
      "ProjectileData": [
        {
          "SpawnFrame": 9,
          "SpawnXOffset": 10,
          "SpawnYOffset": -35,
          "ProjectileObject": "oTestLobbingProjectile"
        }
      ],
      "RehitData": {
        "HitBox": 0,
        "NumberOfHits": 0,
        "HitOnFrames": []
      },
      "GroundMovementData": {
        "NumberOfWindows": 0,
        "Windows": [],
        "GravityScale": 0.0,
        "FallScale": 0.0
      },
      "AirMovementData": {
        "NumberOfWindows": 0,
        "Windows": [],
        "GravityScale": 0.0,
        "FallScale": 0.0
      },
      "SupplimentaryScript": "",
      "NumberOfSounds": 0,
      "MoveSoundData": [],
      "SpiritData": {
        "ToggleState": false,
        "PerformAttack": false,
        "PerformInSpiritOff": false,
        "StartXOffset": 0,
        "StartYOffset": 0,
        "SummonSpirit": false,
        "ReturnToPlayer": false,
        "MaintainPosition": false,
        "Vulnerable": false,
        "OnlyInSpiritOff": false
      }
    },
    {
      "UID": "7228da7c-c949-4924-85ee-7ed9c7337365",
      "MoveType": 8,
      "MoveCanCancelInto": 0,
      "EnhanceMoveType": 0,
      "EnhanceMoveCanCancelInto": 0,
      "InMovesets": [],
      "SwitchMoveset": false,
      "SwitchToMoveset": 0,
      "SpriteName": "sJay_SC_Sidespecia_MOCKUP_strip4",
      "Duration": 23,
      "NumberOfFrames": 4,
      "FrameData": [
        {
          "Length": 9,
          "ImageIndex": 1
        },
        {
          "Length": 15,
          "ImageIndex": 2
        },
        {
          "Length": 18,
          "ImageIndex": 3
        },
        {
          "Length": 20,
          "ImageIndex": 4
        }
      ],
      "NumberOfHitboxes": 0,
      "AttackData": [],
      "CounterData": [],
      "CommandNormalData": {
        "NumpadDirection": 0,
        "Button": 1,
        "GroundOrAir": false,
        "CancelWhenLanding": false
      },
      "NumberOfEnhancements": 0,
      "SpecialData": [],
      "IsThrow": false,
      "OpponentPositionData": {
        "DistanceFromWall": 0.0,
        "ThrowOffset": 0,
        "NumberOfFrames": 0,
        "Frames": []
      },
      "NumberOfHurtboxes": 0,
      "HurtboxData": [],
      "NumberOfProjectiles": 1,
      "ProjectileData": [
        {
          "SpawnFrame": 9,
          "SpawnXOffset": 10,
          "SpawnYOffset": -35,
          "ProjectileObject": "oTestLobbingProjectile"
        }
      ],
      "RehitData": {
        "HitBox": 0,
        "NumberOfHits": 0,
        "HitOnFrames": []
      },
      "GroundMovementData": {
        "NumberOfWindows": 0,
        "Windows": [],
        "GravityScale": 0.0,
        "FallScale": 0.0
      },
      "AirMovementData": {
        "NumberOfWindows": 0,
        "Windows": [],
        "GravityScale": 0.0,
        "FallScale": 0.0
      },
      "SupplimentaryScript": "",
      "NumberOfSounds": 0,
      "MoveSoundData": [],
      "SpiritData": {
        "ToggleState": false,
        "PerformAttack": false,
        "PerformInSpiritOff": false,
        "StartXOffset": 0,
        "StartYOffset": 0,
        "SummonSpirit": false,
        "ReturnToPlayer": false,
        "MaintainPosition": false,
        "Vulnerable": false,
        "OnlyInSpiritOff": true
      }
    }
  ],
  "UniqueData": {
    "AdditionalMovesets": 0,
    "SpiritData": 2,
    "Spirit": "None",
    "DoubleJump": false,
    "LinkMovesetsWithSpirits": false,
    "SpiritOffMoveset": 0,
    "SpiritOnMoveset": 0
  },
  "NonmoveSoundData": {
    "WalkingSoundEffect": "",
    "WalkForwardFootsteps": [],
    "WalkBackwardFootsteps": [],
    "RunningSoundEffect": "",
    "RunForwardFootsteps": [],
    "RunBackwardFootsteps": []
  },
  "Version": "Ver1.1.4",
  "UID": "84f4e241-e0ed-4b5f-b251-3015908394b4",
  "LastModified": "2023-07-13T19:47:00.7231023-07:00",
  "LastModifiedBy": "cstra"
}